customer_id,customer_type,industry_segment,city,state,pincode,region,branch_id,credit_limit,current_balance,payment_terms,customer_since,last_purchase_date,total_purchase_value,customer_rating,customer_tenure_years,days_since_last_purchase,credit_utilization_pct,avg_purchase_value
C0001,Retail,Construction,Kolkata,West Bengal,991035,East,Kol001,45896,43284,Advance,2024-04-10,2024-04-25,3892818,4,2.473972602739726,888,0.9430887223287433,1573508.9368770765
C0002,Fleet Owner,Manufacturing,Hyderabad,Telangana,464589,South,Hyd001,531506,426735,Advance,2022-01-19,2024-12-04,3168730,2,4.698630136986301,665,0.802878989136529,674394.4314868805
C0003,Government,Logistics,Surat,Gujarat,202475,West,Del001,1306933,733495,Net 30,2017-02-14,2019-06-11,3584708,2,9.63013698630137,2668,0.561233819943333,372238.5263157895
C0004,Fleet Owner,Logistics,Chennai,Tamil Nadu,576213,South,Chn001,506336,250255,Net 30,2017-12-20,2021-12-26,3810635,3,8.783561643835617,1739,0.4942469032421159,433837.11010605114
C0005,Dealer,Construction,Ahmedabad,Gujarat,965661,West,Ahm001,380783,183927,Net 30,2023-07-27,2024-02-17,1381374,2,3.180821917808219,956,0.48302313916325046,434282.0930232558
C0006,Government,Construction,Ahmedabad,Gujarat,285013,West,Ahm001,514827,303122,Net 60,2021-10-14,2022-05-10,4611391,3,4.964383561643835,1604,0.5887841935252036,928894.9862030906
C0007,Corporate,Manufacturing,Pune,Maharashtra,877890,West,Pun001,859003,565081,Net 45,2019-03-17,2021-04-22,2206425,4,7.545205479452055,1987,0.6578335582064323,292427.42374727665
C0008,Corporate,Logistics,Mumbai,Maharashtra,312047,West,Hyd001,941092,934117,Net 60,2015-06-24,2017-09-09,4203147,1,11.276712328767124,3308,0.9925883973086584,372728.05029154517
C0009,Corporate,Rental,Ahmedabad,Gujarat,950501,West,Ahm001,273316,231149,Net 60,2022-04-07,2023-09-12,3878607,4,4.484931506849315,1114,0.8457207042397811,864808.5247403787
C0010,Dealer,Construction,Chennai,Tamil Nadu,959539,South,Chn001,277717,105625,Net 30,2015-12-30,2024-03-29,3435041,5,10.758904109589041,915,0.38033321690785943,319274.24624395213
C0011,Retail,Infrastructure,Vadodara,Gujarat,282489,West,Kol001,29130,4200,Net 60,2019-03-12,2023-07-30,4250550,4,7.558904109589041,1158,0.14418125643666324,562323.5773831098
C0012,Fleet Owner,Logistics,Chennai,Tamil Nadu,708470,South,Chn001,785687,30771,Advance,2020-08-11,2020-09-29,1907823,1,6.13972602739726,2192,0.039164450983661434,310734.2235609103
C0013,Dealer,Construction,Surat,Gujarat,771391,West,Ahm001,425862,104029,Advance,2021-04-01,2023-07-26,4650371,2,5.501369863013698,1162,0.24427866304107904,845311.4616533865
C0014,Fleet Owner,Construction,Kolkata,West Bengal,941612,East,Kol001,611397,522294,Advance,2017-08-05,2020-03-21,2667580,2,9.158904109589042,2384,0.8542632692015172,291255.3694286569
C0015,Government,Rental,Pune,Maharashtra,817424,West,Pun001,790010,18560,Net 15,2019-09-15,2021-12-24,743809,2,7.046575342465753,1741,0.023493373501601245,105556.09836702955
C0016,Government,Rental,Ranchi,Jharkhand,585303,East,Del001,1033243,195540,Net 45,2021-04-23,2022-09-16,1537940,4,5.441095890410959,1475,0.18924880207269731,282652.6183282981
C0017,Government,Infrastructure,Chennai,Tamil Nadu,543022,South,Chn001,1155360,986611,Net 15,2019-11-22,2023-06-26,3717743,1,6.86027397260274,1192,0.8539424941143886,541923.4005591054
C0018,Retail,Construction,Ahmedabad,Gujarat,794216,West,Ahm001,49835,49052,Advance,2017-10-04,2019-03-29,4013703,2,8.994520547945205,2742,0.9842881508979633,446238.6826073713
C0019,Government,Logistics,Kolkata,West Bengal,843239,East,Kol001,678408,196058,Net 15,2024-04-14,2024-10-16,1569218,5,2.463013698630137,714,0.288997181637009,637112.9810901001
C0020,Dealer,Logistics,Kolkata,West Bengal,934911,East,Kol001,492285,202707,Advance,2018-11-20,2022-03-26,1512275,3,7.865753424657535,1649,0.41176757366159844,192260.66701497734
C0021,Corporate,Mining,Hyderabad,Telangana,379486,South,Hyd001,856624,298508,Net 15,2022-11-02,2024-04-14,342978,5,3.9123287671232876,899,0.3484702740058649,87665.94537815126
C0022,Retail,Infrastructure,Chennai,Tamil Nadu,709255,South,Chn001,47651,19003,Net 60,2017-01-02,2022-12-30,656806,3,9.747945205479452,1370,0.39879540828104343,67378.91793142215
C0023,Corporate,Mining,Chennai,Tamil Nadu,740100,South,Chn001,274997,248491,Net 15,2022-09-15,2023-08-18,4392063,2,4.043835616438356,1139,0.9036134939653887,1086113.1402439026
C0024,Dealer,Rental,Visakhapatnam,Andhra Pradesh,284172,South,Chn001,266822,86814,Net 60,2024-09-24,2024-09-28,2006684,4,2.0164383561643837,732,0.3253629760664413,995162.581521739
C0025,Corporate,Infrastructure,Pune,Maharashtra,284754,West,Pun001,738335,521844,Net 45,2023-12-13,2024-12-03,2608470,2,2.8,666,0.7067848605307888,931596.4285714286
C0026,Fleet Owner,Mining,Jaipur,Rajasthan,447412,North,Hyd001,172621,3188,Net 60,2020-12-08,2021-06-16,2170635,5,5.813698630136987,1932,0.018468204911337556,373365.5867106503
C0027,Fleet Owner,Logistics,Surat,Gujarat,285613,West,Ahm001,119712,6429,Net 45,2021-02-15,2022-12-19,1600300,1,5.624657534246575,1381,0.053703889334402566,284515.0998538724
C0028,Retail,Infrastructure,Bengaluru,Karnataka,826276,South,Pun001,45173,40670,Net 45,2022-05-08,2023-01-10,750179,3,4.4,1359,0.9003165607774556,170495.22727272726
C0029,Dealer,Construction,Visakhapatnam,Andhra Pradesh,286096,South,Kol001,403949,343364,Net 45,2023-01-25,2024-01-05,4358341,1,3.682191780821918,999,0.8500181953662467,1183626.834077381
C0030,Corporate,Construction,Hyderabad,Telangana,489924,South,Hyd001,501072,443634,Net 60,2022-03-08,2023-10-15,894269,5,4.567123287671233,1081,0.8853697672190823,195805.74985003
C0031,Government,Mining,Kolkata,West Bengal,961003,East,Kol001,661950,182414,Advance,2021-04-12,2021-11-05,3122090,4,5.471232876712329,1790,0.27557066243673994,570637.3810716073
C0032,Government,Logistics,Ahmedabad,Gujarat,929331,West,Ahm001,1262598,420821,Net 15,2017-04-27,2017-11-03,3119086,5,9.432876712328767,3253,0.3332976925355497,330661.1646819634
C0033,Government,Mining,Chennai,Tamil Nadu,128984,South,Chn001,655166,632856,Net 60,2022-09-24,2023-02-26,2424415,5,4.019178082191781,1312,0.9659475613813904,603211.6394001363
C0034,Government,Construction,Pune,Maharashtra,221907,West,Pun001,1033298,786303,Net 15,2022-12-08,2024-08-12,3426630,5,3.813698630136986,779,0.7609644071700516,898505.7112068966
C0035,Dealer,Infrastructure,Indore,Madhya Pradesh,389014,Central,Chn001,333126,90011,Net 60,2017-08-27,2021-02-08,3142245,4,9.098630136986301,2060,0.2702010650624689,345353.6359530262
C0036,Fleet Owner,Construction,Kolkata,West Bengal,750964,East,Kol001,630421,352613,Net 60,2020-06-23,2021-06-23,2538621,2,6.273972602739726,1925,0.5593294005117215,404627.364628821
C0037,Corporate,Construction,Pune,Maharashtra,107999,West,Pun001,330103,123365,Advance,2015-09-18,2024-02-17,4226235,1,11.04109589041096,956,0.3737166884275514,382773.1451612903
C0038,Fleet Owner,Rental,Jaipur,Rajasthan,857662,North,Del001,348040,45014,Net 15,2016-11-18,2024-05-08,2312858,1,9.871232876712329,875,0.12933570853924836,234302.85040244242
C0039,Fleet Owner,Rental,Hyderabad,Telangana,839762,South,Hyd001,343809,119070,Net 30,2016-11-19,2017-09-25,2142519,4,9.868493150684932,3292,0.34632601240805216,217107.0058300944
C0040,Government,Logistics,Delhi,Delhi,345064,North,Del001,842290,805196,Net 15,2020-08-01,2023-07-17,197858,2,6.167123287671233,1171,0.9559605361573805,32082.705464238115
C0041,Government,Rental,Hyderabad,Telangana,157545,South,Hyd001,592802,392894,Net 60,2019-08-17,2023-11-25,4396728,5,7.126027397260274,1040,0.6627744170903607,616995.663206459
C0042,Fleet Owner,Rental,Chennai,Tamil Nadu,409446,South,Chn001,731768,472737,Net 15,2016-10-29,2023-07-20,628271,4,9.926027397260274,1168,0.6460203233811809,63295.311896218605
C0043,Corporate,Construction,Chennai,Tamil Nadu,483495,South,Chn001,387054,12548,Net 30,2019-07-21,2020-03-03,4247168,4,7.2,2402,0.03241924899368047,589884.4444444444
C0044,Government,Mining,Mumbai,Maharashtra,124682,West,Kol001,888707,663201,Advance,2016-03-08,2016-07-16,3471483,4,10.56986301369863,3728,0.7462538271893886,328432.1656298601
C0045,Corporate,Rental,Kolkata,West Bengal,213170,East,Kol001,495460,268927,Net 60,2015-08-11,2018-07-27,816124,4,11.145205479452056,2987,0.5427824647802043,73226.46509341199
C0046,Retail,Rental,Ahmedabad,Gujarat,720874,West,Ahm001,14743,2408,Net 45,2017-12-28,2021-05-20,3306464,3,8.761643835616438,1959,0.1633317506613308,377379.4121325829
C0047,Corporate,Rental,Pune,Maharashtra,387067,West,Pun001,425838,329681,Net 60,2019-05-25,2021-03-31,2002741,5,7.3561643835616435,2009,0.7741934726351335,272253.4320297952
C0048,Dealer,Mining,Hyderabad,Telangana,498148,South,Hyd001,424609,267683,Net 45,2022-02-27,2023-03-20,1343490,3,4.5917808219178085,1290,0.6304223414953521,292585.82935560856
C0049,Dealer,Manufacturing,Coimbatore,Tamil Nadu,873642,South,Kol001,116389,95867,Net 15,2023-03-10,2023-07-19,335974,5,3.5616438356164384,1169,0.8236774952959472,94331.16153846154
C0050,Dealer,Mining,Kolkata,West Bengal,826336,East,Kol001,442160,257973,Net 30,2024-09-01,2024-09-15,260415,3,2.0794520547945203,745,0.5834381219468066,125232.50988142294
C0051,Retail,Infrastructure,Jaipur,Rajasthan,780612,North,Ahm001,40307,777,Net 45,2020-08-17,2020-10-11,1435053,4,6.123287671232877,2180,0.019277048651598978,234359.88590604026
C0052,Government,Manufacturing,Guwahati,Assam,171541,North East,Pun001,1297924,695848,Net 30,2022-07-04,2023-11-21,2309339,2,4.243835616438356,1044,0.5361238408412203,544163.1601032924
C0053,Fleet Owner,Construction,Delhi,Delhi,322206,North,Del001,406292,44107,Net 60,2023-10-28,2024-06-15,537419,5,2.926027397260274,837,0.10855985350437616,183668.4784644195
C0054,Fleet Owner,Manufacturing,Chennai,Tamil Nadu,727073,South,Chn001,225508,149649,Net 15,2024-11-07,2024-12-03,3317237,2,1.895890410958904,666,0.6636083863987087,1749698.7066473989
C0055,Dealer,Construction,Delhi,Delhi,385106,North,Del001,394514,195008,Net 45,2018-07-24,2020-06-13,4249581,1,8.191780821917808,2300,0.49429931510668823,518761.56020066893
C0056,Dealer,Mining,Delhi,Delhi,650523,North,Del001,209877,191295,Advance,2022-09-23,2024-11-09,185969,4,4.021917808219178,690,0.911462427993539,46238.88623978202
C0057,Retail,Logistics,Kolkata,West Bengal,901485,East,Kol001,23289,4934,Net 45,2015-06-10,2016-08-05,351736,3,11.315068493150685,3708,0.21185967624200266,31085.627118644068
C0058,Retail,Infrastructure,Pune,Maharashtra,611091,West,Pun001,43362,11601,Net 15,2018-05-11,2019-05-15,1432761,3,8.394520547945206,2695,0.26753839767538395,170678.12173629244
C0059,Retail,Manufacturing,Hyderabad,Telangana,125825,South,Hyd001,37344,31278,Net 30,2020-10-11,2023-01-25,1559869,3,5.972602739726027,1344,0.8375642673521851,261170.72706422018
C0060,Dealer,Mining,Hyderabad,Telangana,668980,South,Hyd001,350950,129725,Net 60,2017-07-21,2023-08-07,4585170,1,9.2,1150,0.36963954979341784,498388.0434782609
C0061,Dealer,Construction,Surat,Gujarat,188154,West,Hyd001,362037,167542,Net 45,2016-02-14,2017-02-18,4886642,4,10.632876712328768,3511,0.4627759041202971,459578.54418964183
C0062,Dealer,Construction,Hyderabad,Telangana,494980,South,Hyd001,231418,123783,Net 60,2022-07-21,2022-09-15,3629984,1,4.197260273972603,1476,0.534889248027379,864846.0574412532
C0063,Retail,Rental,Delhi,Delhi,131779,North,Del001,26508,25298,Advance,2017-05-06,2020-11-30,3986012,5,9.408219178082192,2130,0.9543534027463407,423673.3779848573
C0064,Corporate,Manufacturing,Chandigarh,Punjab,316362,North,Kol001,577111,313205,Net 45,2017-01-19,2019-08-20,1314379,3,9.7013698630137,2598,0.5427118873145721,135483.8562552951
C0065,Corporate,Mining,Vadodara,Gujarat,922895,West,Ahm001,464475,104333,Net 15,2022-08-29,2023-09-24,4160176,4,4.090410958904109,1102,0.22462565261854783,1017055.75351641
C0066,Retail,Manufacturing,Indore,Madhya Pradesh,249951,Central,Hyd001,37976,5882,Net 60,2024-10-07,2024-10-08,647141,1,1.9808219178082191,722,0.15488729724036232,326703.27109266946
C0067,Retail,Manufacturing,Ahmedabad,Gujarat,248191,West,Ahm001,34526,17171,Net 15,2015-04-30,2022-07-01,2190473,3,11.427397260273972,1552,0.4973353414817818,191686.08127547352
C0068,Retail,Mining,Delhi,Delhi,119344,North,Del001,27354,3730,Advance,2016-09-07,2018-07-19,635533,1,10.068493150684931,2995,0.13636031293412298,63120.96462585034
C0069,Dealer,Logistics,Delhi,Delhi,308404,North,Del001,413414,288815,Net 15,2021-09-12,2023-10-15,2973214,2,5.052054794520548,1081,0.6986096261858573,588515.7863340564
C0070,Government,Logistics,Ahmedabad,Gujarat,784913,West,Ahm001,549454,84153,Net 30,2022-11-10,2024-12-04,4644233,3,3.8904109589041096,665,0.15315749817091148,1193764.116197183
C0071,Corporate,Rental,Jaipur,Rajasthan,142212,North,Kol001,735733,268163,Net 45,2015-12-28,2019-01-08,4056556,2,10.764383561643836,2822,0.3644841267144467,376849.81929244084
C0072,Government,Logistics,Pune,Maharashtra,616410,West,Pun001,1196826,1192089,Net 15,2018-08-05,2020-12-29,1975308,3,8.158904109589042,2101,0.9960420311724512,242104.5735392881
C0073,Corporate,Rental,Jaipur,Rajasthan,481812,North,Chn001,740385,319020,Advance,2020-11-09,2024-04-22,4805655,4,5.8931506849315065,891,0.430883932008347,815464.470013947
C0074,Fleet Owner,Infrastructure,Bhubaneswar,Odisha,528874,East,Kol001,259356,11327,Net 60,2018-08-08,2023-04-29,4658430,5,8.150684931506849,1250,0.04367356066564876,571538.4705882353
C0075,Retail,Mining,Hyderabad,Telangana,337495,South,Hyd001,27094,12134,Net 45,2024-09-06,2024-10-18,2698471,5,2.0657534246575344,712,0.4478482320809035,1306289.0119363393
C0076,Government,Mining,Chennai,Tamil Nadu,519609,South,Chn001,1094151,760549,Advance,2022-01-31,2022-10-14,818714,2,4.6657534246575345,1447,0.6951042406395461,175473.0534351145
C0077,Corporate,Mining,Delhi,Delhi,524275,North,Del001,715444,620984,Net 60,2016-07-14,2019-04-11,1799237,1,10.219178082191782,2729,0.8679700996863486,176064.74664879355
C0078,Dealer,Rental,Visakhapatnam,Andhra Pradesh,100171,South,Hyd001,166204,71681,Net 30,2021-12-25,2022-06-06,1234883,1,4.767123287671233,1577,0.43128324228057086,259041.5488505747
C0079,Retail,Rental,Delhi,Delhi,933187,North,Del001,28890,10702,Net 60,2024-12-15,2024-12-17,1665498,5,1.7917808219178082,652,0.37043959847698166,929521.0550458715
C0080,Retail,Mining,Chennai,Tamil Nadu,983221,South,Chn001,35201,14738,Net 45,2021-03-12,2023-05-07,177210,1,5.556164383561644,1242,0.4186812874634243,31894.30473372781
C0081,Corporate,Rental,Surat,Gujarat,306577,West,Hyd001,208371,44941,Net 15,2017-02-22,2024-10-25,1205918,1,9.608219178082193,705,0.21567780545277415,125509.00199600797
C0082,Fleet Owner,Manufacturing,Ahmedabad,Gujarat,312226,West,Ahm001,432697,104648,Net 60,2022-01-17,2022-11-01,811036,3,4.704109589041096,1429,0.24185053282088853,172410.099009901
C0083,Dealer,Infrastructure,Delhi,Delhi,805317,North,Del001,214857,64003,Net 45,2018-08-06,2024-02-24,4590589,2,8.156164383561643,949,0.29788650125432264,562836.7433658045
C0084,Corporate,Logistics,Pune,Maharashtra,924540,West,Pun001,522422,458160,Net 60,2021-11-03,2023-04-03,1491828,3,4.909589041095891,1276,0.8769921634234393,303860.0558035714
C0085,Retail,Mining,Chennai,Tamil Nadu,282877,South,Chn001,18145,7599,Net 45,2022-10-03,2024-08-14,3457748,4,3.9945205479452053,777,0.418793055938275,865622.7846364884
C0086,Retail,Construction,Ahmedabad,Gujarat,202859,West,Ahm001,32547,1770,Net 60,2022-04-12,2024-11-14,2265500,3,4.471232876712329,685,0.054382892432482254,506683.5171568627
C0087,Government,Logistics,Hyderabad,Telangana,189834,South,Hyd001,831098,749605,Net 60,2019-10-04,2023-01-17,2260653,3,6.994520547945205,1352,0.9019453782827055,323203.42538190365
C0088,Corporate,Infrastructure,Pune,Maharashtra,116697,West,Pun001,516553,272170,Net 45,2024-01-19,2024-03-14,291167,1,2.6986301369863015,930,0.5268965624050195,107894.37055837562
C0089,Corporate,Rental,Surat,Gujarat,783228,West,Ahm001,930006,400599,Net 30,2016-09-25,2023-06-23,2263002,4,10.01917808219178,1195,0.4307488338784911,225867.03035274814
C0090,Government,Infrastructure,Delhi,Delhi,488784,North,Del001,1009986,294069,Net 15,2018-08-05,2020-12-18,3919579,1,8.158904109589042,2112,0.2911614616440228,480405.0822699798
C0091,Retail,Construction,Coimbatore,Tamil Nadu,581169,South,Pun001,48920,2123,Net 45,2023-11-14,2024-01-13,835313,2,2.8794520547945206,991,0.04339738348323794,290094.42911512847
C0092,Fleet Owner,Logistics,Ahmedabad,Gujarat,800524,West,Ahm001,532908,244201,Advance,2022-07-25,2022-07-29,4269454,2,4.186301369863013,1524,0.4582423232527941,1019863.0301047121
C0093,Dealer,Manufacturing,Chennai,Tamil Nadu,124296,South,Chn001,447924,287318,Advance,2018-07-04,2024-02-29,1142406,2,8.246575342465754,944,0.6414436377599771,138530.96013289035
C0094,Corporate,Logistics,Pune,Maharashtra,160481,West,Pun001,206889,166058,Advance,2021-08-18,2023-04-18,4632902,4,5.120547945205479,1261,0.8026429631348211,904766.8432316747
C0095,Fleet Owner,Logistics,Nagpur,Maharashtra,837531,West,Ahm001,207876,37163,Net 45,2023-06-13,2024-09-26,640860,3,3.3013698630136985,734,0.17877484654313147,194119.41908713695
C0096,Corporate,Construction,Chennai,Tamil Nadu,995104,South,Chn001,401903,200385,Net 15,2024-04-05,2024-07-18,2592486,3,2.4876712328767123,804,0.4985904559060271,1042133.6894273128
C0097,Corporate,Construction,Pune,Maharashtra,568469,West,Pun001,351063,253,Net 15,2021-05-12,2021-08-26,625269,5,5.389041095890411,1861,0.0007206683700646323,116026.02186070157
C0098,Corporate,Mining,Kolkata,West Bengal,781086,East,Kol001,270655,236169,Net 30,2022-02-21,2022-09-25,1053964,1,4.608219178082192,1466,0.8725831778463358,228713.94768133175
C0099,Fleet Owner,Rental,Visakhapatnam,Andhra Pradesh,590720,South,Pun001,601814,62089,Advance,2017-05-17,2017-07-09,3095853,4,9.378082191780821,3370,0.10316975012213075,330115.7887817704
C0100,Government,Construction,Chandigarh,Punjab,879077,North,Kol001,504876,56494,Net 30,2015-02-01,2023-02-18,1486297,3,11.668493150684931,1320,0.11189678257631577,127376.94411833765
C0101,Corporate,Logistics,Chennai,Tamil Nadu,880044,South,Chn001,242777,155072,Net 60,2021-02-06,2023-11-09,3764603,5,5.64931506849315,1056,0.6387425497472989,666382.1993210475
C0102,Government,Infrastructure,Patna,Bihar,136431,East,Kol001,1221840,547151,Net 60,2017-02-13,2017-10-01,84593,4,9.632876712328768,3286,0.4478090421004387,8781.696530147894
C0103,Dealer,Infrastructure,Coimbatore,Tamil Nadu,642152,South,Kol001,167168,77679,Net 45,2017-11-07,2019-04-29,2708361,4,8.901369863013699,2711,0.46467625382848393,304263.39335180057
C0104,Fleet Owner,Infrastructure,Visakhapatnam,Andhra Pradesh,162374,South,Kol001,318210,213321,Net 60,2022-01-24,2024-04-19,2593702,1,4.684931506849315,894,0.6703780522296596,553626.4502923976
C0105,Government,Logistics,Delhi,Delhi,902393,North,Del001,1275897,228879,Net 60,2021-07-14,2021-11-15,1776281,4,5.2164383561643834,1780,0.17938673733067795,340516.05304621847
C0106,Dealer,Infrastructure,Indore,Madhya Pradesh,673585,Central,Pun001,223855,212350,Advance,2023-09-02,2024-05-08,3849736,2,3.0794520547945203,875,0.9486051238524938,1250136.6903914593
C0107,Fleet Owner,Construction,Delhi,Delhi,932132,North,Del001,412425,152905,Net 30,2018-06-21,2019-10-30,531239,1,8.282191780821918,2527,0.3707461962781112,64142.32054250744
C0108,Corporate,Rental,Jaipur,Rajasthan,714573,North,Ahm001,676059,420507,Advance,2015-09-22,2017-10-27,58616,4,11.03013698630137,3260,0.6219974883848894,5314.167908594138
C0109,Retail,Mining,Chennai,Tamil Nadu,664341,South,Chn001,47756,11043,Net 15,2016-08-02,2021-11-06,3882314,1,10.167123287671233,1789,0.23123795962810956,381849.80059283215
C0110,Dealer,Logistics,Indore,Madhya Pradesh,289300,Central,Chn001,107758,68824,Advance,2023-03-12,2024-04-12,2907580,5,3.5561643835616437,901,0.6386903988566974,817616.8721109399
C0111,Corporate,Construction,Chennai,Tamil Nadu,684594,South,Chn001,332240,18012,Net 15,2015-04-16,2019-09-29,2153109,3,11.465753424657533,2558,0.05421382133397544,187786.08960573477
C0112,Fleet Owner,Mining,Hyderabad,Telangana,380991,South,Hyd001,389833,373500,Net 45,2022-10-17,2023-05-03,2218717,2,3.956164383561644,1246,0.958102572127039,560825.2804709141
C0113,Corporate,Logistics,Chennai,Tamil Nadu,282300,South,Chn001,965190,17579,Advance,2020-01-31,2024-03-11,1515978,2,6.668493150684932,933,0.018212994332722054,227334.41659819227
C0114,Retail,Mining,Kolkata,West Bengal,803431,East,Kol001,42285,6186,Net 30,2017-05-18,2017-12-04,3300741,4,9.375342465753425,3222,0.1462930117062788,352066.1791350088
C0115,Fleet Owner,Mining,Visakhapatnam,Andhra Pradesh,680585,South,Kol001,666395,628219,Net 30,2017-07-20,2022-07-02,4264926,5,9.202739726027398,1551,0.9427126554070784,463440.9020541828
C0116,Dealer,Construction,Delhi,Delhi,324913,North,Del001,480944,340796,Net 45,2020-12-27,2023-06-09,3820954,1,5.761643835616439,1209,0.7085980904221697,663170.8083689966
C0117,Government,Mining,Guwahati,Assam,366951,North East,Ahm001,856033,284259,Net 60,2024-02-28,2024-10-13,4687194,3,2.589041095890411,717,0.3320654694386782,1810397.6825396824
C0118,Retail,Rental,Chennai,Tamil Nadu,656306,South,Chn001,40651,8239,Net 60,2021-08-11,2023-10-04,3595688,4,5.13972602739726,1092,0.2026764409239625,699587.4840085289
C0119,Government,Manufacturing,Surat,Gujarat,626582,West,Del001,1079453,124485,Net 60,2016-10-29,2020-06-12,4897663,4,9.926027397260274,2301,0.11532229749697301,493416.2282638697
C0120,Fleet Owner,Construction,Bengaluru,Karnataka,104933,South,Hyd001,416429,90596,Net 30,2024-12-04,2024-12-24,1701064,5,1.821917808219178,645,0.21755449308285446,933666.7067669174
C0121,Government,Construction,Pune,Maharashtra,535959,West,Pun001,690836,432165,Net 30,2020-03-13,2020-05-15,826164,2,6.553424657534246,2329,0.6255681522097865,126065.9949832776
C0122,Dealer,Rental,Guwahati,Assam,548804,North East,Kol001,351917,4859,Advance,2024-05-05,2024-07-05,1693028,2,2.4054794520547946,817,0.013807232955498029,703821.4350797266
C0123,Corporate,Infrastructure,Kolkata,West Bengal,313334,East,Kol001,574353,239735,Net 30,2019-10-22,2022-12-13,903655,3,6.945205479452055,1387,0.41740010063497535,130112.06114398422
C0124,Dealer,Construction,Pune,Maharashtra,954241,West,Pun001,211359,167163,Net 60,2016-09-16,2019-02-01,91892,3,10.043835616438356,2798,0.7908960583651512,9149.094380796509
C0125,Government,Mining,Surat,Gujarat,111490,West,Hyd001,557944,302970,Advance,2016-12-10,2020-02-06,4071885,4,9.810958904109588,2428,0.5430114850235866,415034.3549287909
C0126,Dealer,Manufacturing,Hyderabad,Telangana,766274,South,Hyd001,473103,222292,Net 15,2017-11-24,2024-05-14,1874540,4,8.854794520547944,869,0.4698596288757416,211697.74133663368
C0127,Government,Construction,Kolkata,West Bengal,627620,East,Kol001,1030275,912169,Net 45,2015-01-29,2015-05-24,2283915,1,11.676712328767124,4147,0.8853645871247968,195595.72383857344
C0128,Retail,Mining,Ahmedabad,Gujarat,965010,West,Ahm001,39121,16592,Net 60,2021-08-17,2021-11-12,2739989,1,5.123287671232877,1783,0.4241200378313438,534810.6871657755
C0129,Corporate,Mining,Delhi,Delhi,445191,North,Del001,902420,248703,Net 45,2017-11-23,2024-04-23,2642104,5,8.857534246575343,890,0.2755956206644356,298288.8833900402
C0130,Government,Mining,Pune,Maharashtra,612321,West,Pun001,1196003,228242,Net 45,2021-05-09,2024-02-10,2555190,1,5.397260273972603,963,0.19083731395322587,473423.5279187817
C0131,Corporate,Rental,Hyderabad,Telangana,887308,South,Hyd001,215893,70818,Advance,2020-12-18,2021-09-24,2861196,2,5.786301369863014,1832,0.32802360428545624,494477.5284090909
C0132,Corporate,Construction,Indore,Madhya Pradesh,771646,Central,Pun001,604969,495963,Net 30,2022-09-03,2023-07-06,3330795,2,4.076712328767123,1182,0.8198155607973301,817029.6875
C0133,Government,Mining,Visakhapatnam,Andhra Pradesh,104928,South,Ahm001,1144779,737832,Net 15,2019-05-14,2020-07-16,228970,1,7.3863013698630136,2267,0.64451916046678,30999.276706231456
C0134,Fleet Owner,Infrastructure,Ahmedabad,Gujarat,184086,West,Ahm001,369606,281323,Net 60,2024-06-15,2024-09-03,106603,5,2.293150684931507,757,0.7611429468136339,46487.568697729985
C0135,Retail,Rental,Bengaluru,Karnataka,319245,South,Del001,21372,14639,Net 60,2017-10-17,2019-05-13,4735393,2,8.95890410958904,2697,0.6849616320419241,528568.3318042813
C0136,Dealer,Mining,Ahmedabad,Gujarat,484274,West,Ahm001,425042,208808,Advance,2020-11-06,2022-11-06,1156374,3,5.901369863013699,1424,0.49126439269531014,195950.0974930362
C0137,Dealer,Infrastructure,Chennai,Tamil Nadu,488304,South,Chn001,257346,114551,Net 15,2015-11-19,2022-01-10,4333759,5,10.871232876712329,1724,0.44512446278551054,398644.66607862903
C0138,Corporate,Mining,Hyderabad,Telangana,815324,South,Hyd001,251506,244794,Advance,2016-08-14,2024-06-19,3899099,5,10.134246575342466,833,0.9733127639102049,384744.83238713164
C0139,Government,Mining,Ahmedabad,Gujarat,910628,West,Ahm001,825908,770729,Net 15,2023-09-11,2024-02-23,3350093,2,3.0547945205479454,950,0.9331898952425693,1096667.2152466367
C0140,Retail,Logistics,Pune,Maharashtra,452595,West,Pun001,14401,7550,Net 60,2018-04-03,2022-06-23,230868,3,8.498630136986302,1560,0.524269147975835,27165.31914893617
C0141,Corporate,Rental,Ahmedabad,Gujarat,440283,West,Ahm001,742629,317916,Net 60,2024-08-04,2024-08-09,2791818,4,2.1561643835616437,782,0.42809532081294965,1294807.585768742
C0142,Retail,Manufacturing,Ahmedabad,Gujarat,524964,West,Ahm001,34620,17030,Net 60,2023-02-23,2023-05-10,313540,1,3.6027397260273974,1239,0.4919121894858463,87028.21292775666
C0143,Corporate,Infrastructure,Chennai,Tamil Nadu,720599,South,Chn001,915191,549312,Net 45,2017-11-08,2024-11-07,4811798,3,8.898630136986302,692,0.6002156926805443,540734.6890394088
C0144,Fleet Owner,Construction,Mumbai,Maharashtra,147938,West,Ahm001,578368,178549,Net 60,2022-10-16,2023-07-15,3983009,2,3.958904109589041,1173,0.3087117544539117,1006088.7785467128
C0145,Retail,Construction,Pune,Maharashtra,886110,West,Pun001,49522,23237,Net 45,2024-03-24,2024-12-27,1980757,3,2.5205479452054793,642,0.4692257986349501,785843.8097826088
C0146,Retail,Mining,Ahmedabad,Gujarat,203865,West,Ahm001,21418,15972,Net 60,2024-07-01,2024-11-08,2945376,3,2.249315068493151,691,0.7457278924269306,1309454.616321559
C0147,Dealer,Rental,Delhi,Delhi,353139,North,Del001,363902,291538,Net 45,2017-03-13,2019-06-27,4082486,5,9.556164383561644,2652,0.8011442641150639,427209.6875
C0148,Government,Construction,Coimbatore,Tamil Nadu,967586,South,Ahm001,1202629,329492,Net 15,2018-03-18,2021-05-14,1543704,4,8.542465753424658,1965,0.2739764299713378,180709.41629249518
C0149,Government,Manufacturing,Surat,Gujarat,676298,West,Ahm001,1227707,1171024,Advance,2020-04-16,2021-06-09,1112095,3,6.46027397260274,1939,0.9538301891249297,172143.62807463954
C0150,Fleet Owner,Manufacturing,Ahmedabad,Gujarat,263625,West,Ahm001,197605,127111,Net 45,2022-02-13,2024-03-09,1563280,5,4.63013698630137,935,0.643258014726348,337631.47928994085
C0151,Government,Infrastructure,Kolkata,West Bengal,685218,East,Kol001,1163117,166210,Net 45,2016-07-10,2022-10-29,3147295,5,10.23013698630137,1432,0.14290049926189713,307649.3505623996
C0152,Corporate,Manufacturing,Chennai,Tamil Nadu,788763,South,Chn001,227415,135210,Net 15,2022-11-27,2023-02-02,2992750,2,3.8438356164383563,1336,0.5945518105665853,778584.2836778332
C0153,Retail,Rental,Patna,Bihar,985883,East,Pun001,32014,27630,Net 30,2017-10-01,2020-08-07,3627158,4,9.002739726027396,2245,0.8630599112888111,402894.90870359103
C0154,Fleet Owner,Logistics,Delhi,Delhi,206289,North,Del001,305293,279000,Net 15,2018-10-04,2022-04-08,1437951,5,7.994520547945205,1636,0.9138761779667401,179867.07162440027
C0155,Fleet Owner,Mining,Kolkata,West Bengal,439584,East,Kol001,393453,245382,Net 30,2015-03-11,2017-03-13,3078557,5,11.564383561643835,3488,0.6236628008936265,266210.2120350628
C0156,Government,Manufacturing,Chennai,Tamil Nadu,878341,South,Chn001,1032586,173071,Net 15,2022-02-17,2022-10-31,11208,5,4.619178082191781,1430,0.16760928387562876,2426.405693950178
C0157,Dealer,Infrastructure,Chandigarh,Punjab,516471,North,Pun001,315705,130064,Advance,2018-03-03,2021-05-01,1176839,1,8.583561643835617,1978,0.4119795378597108,137103.80944781358
C0158,Corporate,Infrastructure,Kolkata,West Bengal,285359,East,Kol001,516521,146194,Advance,2019-12-23,2020-09-04,194901,2,6.7753424657534245,2217,0.2830359269032624,28766.221188839467
C0159,Dealer,Construction,Chennai,Tamil Nadu,811758,South,Chn001,332595,67368,Net 45,2019-10-10,2024-03-05,1251056,3,6.978082191780822,939,0.2025526541288955,179283.6435021594
C0160,Retail,Rental,Ahmedabad,Gujarat,522290,West,Ahm001,45628,6888,Advance,2022-06-16,2022-09-18,94108,2,4.293150684931507,1473,0.15095993688086262,21920.497766432673
C0161,Dealer,Mining,Ahmedabad,Gujarat,257060,West,Ahm001,404774,243701,Net 45,2022-03-19,2023-01-02,3287439,4,4.536986301369863,1367,0.6020668323558331,724586.4945652174
C0162,Retail,Mining,Kolkata,West Bengal,595022,East,Kol001,21937,2738,Net 15,2015-04-10,2018-04-04,665853,4,11.482191780821918,3101,0.12481196152618863,57990.06084466715
C0163,Dealer,Logistics,Ahmedabad,Gujarat,539428,West,Ahm001,492794,476585,Net 45,2019-10-07,2024-02-17,702108,5,6.986301369863014,956,0.9671079599183432,100497.81176470588
C0164,Government,Construction,Delhi,Delhi,810967,North,Del001,1454565,1435105,Net 45,2015-04-14,2015-09-14,3515825,4,11.471232876712328,4034,0.9866214297745374,306490.5958920468
C0165,Fleet Owner,Manufacturing,Delhi,Delhi,776039,North,Del001,364580,79115,Net 60,2018-09-29,2023-09-24,359295,4,8.008219178082191,1102,0.21700312688573153,44865.78002052686
C0166,Fleet Owner,Manufacturing,Ahmedabad,Gujarat,768066,West,Ahm001,735924,576566,Net 60,2015-10-23,2022-11-09,4539952,2,10.945205479452055,1421,0.7834586180094684,414789.10638297873
C0167,Retail,Mining,Vadodara,Gujarat,806379,West,Hyd001,34602,32450,Net 30,2018-09-25,2021-05-03,4156146,4,8.01917808219178,1976,0.937807063175539,518275.8079945337
C0168,Dealer,Infrastructure,Pune,Maharashtra,986643,West,Pun001,238781,189804,Net 60,2022-12-18,2024-10-28,5173,1,3.786301369863014,702,0.7948873654101457,1366.240955137482
C0169,Fleet Owner,Construction,Ahmedabad,Gujarat,547259,West,Ahm001,693290,315019,Net 30,2017-06-15,2017-07-02,148337,4,9.2986301369863,3377,0.45438272584344214,15952.564820271067
C0170,Government,Construction,Bengaluru,Karnataka,342998,South,Hyd001,1285103,765704,Net 30,2017-06-15,2017-08-20,2459352,4,9.2986301369863,3328,0.5958308400182709,264485.4095462581
C0171,Fleet Owner,Construction,Chennai,Tamil Nadu,108110,South,Chn001,687863,7826,Net 15,2018-06-27,2021-03-07,2695697,3,8.265753424657534,2033,0.01137726553107232,326128.40735830297
C0172,Dealer,Manufacturing,Bengaluru,Karnataka,683791,South,Chn001,425290,197440,Advance,2024-03-10,2024-11-27,3227438,1,2.558904109589041,672,0.4642479249453314,1261257.8907922911
C0173,Retail,Logistics,Chennai,Tamil Nadu,505125,South,Chn001,22198,3421,Net 30,2019-07-20,2021-06-29,3851377,1,7.2027397260273975,1919,0.15411298315163527,534710.0057055914
C0174,Government,Mining,Ahmedabad,Gujarat,595084,West,Ahm001,1316961,123349,Advance,2016-01-11,2022-10-15,2089017,2,10.726027397260275,1446,0.09366184723769344,194761.48275862067
C0175,Fleet Owner,Rental,Kolkata,West Bengal,686878,East,Kol001,222980,209069,Advance,2016-11-01,2020-04-11,3075188,5,9.917808219178083,2363,0.9376132388555027,310067.29834254144
C0176,Dealer,Logistics,Chennai,Tamil Nadu,130257,South,Chn001,397313,332315,Net 15,2018-07-07,2019-01-28,1114897,2,8.238356164383562,2802,0.8364060576925497,135330.03159294976
C0177,Dealer,Construction,Pune,Maharashtra,199601,West,Pun001,100097,9054,Net 45,2015-02-17,2024-09-20,3335460,1,11.624657534246575,740,0.09045226130653267,286929.74310629274
C0178,Dealer,Logistics,Kolkata,West Bengal,126267,East,Kol001,178736,135022,Net 60,2015-07-14,2022-02-11,1292074,1,11.221917808219178,1692,0.7554269984782025,115138.43017578125
C0179,Government,Infrastructure,Chennai,Tamil Nadu,436985,South,Chn001,630635,213290,Net 30,2016-09-20,2017-09-12,4047164,3,10.032876712328767,3305,0.3382146566555932,403390.1856908793
C0180,Fleet Owner,Logistics,Hyderabad,Telangana,392288,South,Hyd001,747590,313557,Net 60,2023-08-09,2024-04-12,3232689,3,3.1452054794520548,901,0.41942374831124013,1027814.8824041812
C0181,Government,Construction,Vadodara,Gujarat,843795,West,Pun001,766249,475114,Net 30,2019-06-25,2022-12-28,561545,5,7.271232876712329,1372,0.6200517064296331,77228.30633006782
C0182,Dealer,Infrastructure,Kolkata,West Bengal,726446,East,Kol001,298476,237412,Net 45,2024-08-25,2024-10-21,2393122,5,2.0986301369863014,709,0.7954140366394618,1140325.7571801567
C0183,Government,Mining,Ahmedabad,Gujarat,193740,West,Ahm001,1225772,731224,Net 30,2022-12-11,2023-07-14,4822088,4,3.8054794520547945,1174,0.5965416080641425,1267143.3549316055
C0184,Retail,Rental,Chennai,Tamil Nadu,367157,South,Chn001,47652,2668,Net 15,2023-06-13,2023-11-10,3669942,3,3.3013698630136985,1055,0.05598925543523881,1111642.1825726142
C0185,Dealer,Logistics,Pune,Maharashtra,995364,West,Pun001,210864,117546,Advance,2019-09-23,2023-02-15,848272,5,7.024657534246575,1323,0.55744935124061,120756.34945397815
C0186,Fleet Owner,Infrastructure,Kolkata,West Bengal,876712,East,Kol001,198216,73566,Net 30,2017-05-16,2020-11-12,1198787,3,9.38082191780822,2148,0.3711405739193607,127791.25438084111
C0187,Retail,Rental,Jaipur,Rajasthan,702667,North,Chn001,42105,40074,Net 60,2019-03-14,2024-01-26,1487197,1,7.553424657534246,978,0.9517634485215533,196890.4261878854
C0188,Corporate,Logistics,Pune,Maharashtra,327913,West,Pun001,261082,245715,Net 30,2019-12-26,2021-04-21,1227086,4,6.767123287671233,1988,0.9411410974329903,181330.52226720646
C0189,Government,Manufacturing,Visakhapatnam,Andhra Pradesh,371474,South,Kol001,1168432,250217,Net 60,2018-04-20,2023-04-11,1504371,4,8.452054794520548,1268,0.21414767825598752,177988.78930307942
C0190,Retail,Manufacturing,Jaipur,Rajasthan,273393,North,Chn001,49811,31087,Net 60,2018-12-03,2022-10-20,3442416,1,7.83013698630137,1441,0.624099094577503,439636.75297410775
C0191,Corporate,Manufacturing,Visakhapatnam,Andhra Pradesh,610819,South,Kol001,615994,569076,Net 30,2015-02-09,2024-08-01,970591,2,11.646575342465754,790,0.923833673704614,83337.03011056222
C0192,Fleet Owner,Logistics,Patna,Bihar,107267,East,Del001,476705,231421,Net 45,2023-09-26,2023-10-30,3021209,2,3.0136986301369864,1066,0.48545956094439957,1002492.0772727273
C0193,Dealer,Infrastructure,Vadodara,Gujarat,352886,West,Chn001,495310,178591,Advance,2015-11-12,2023-02-18,327831,4,10.89041095890411,1320,0.3605640911752236,30102.720754716982
C0194,Fleet Owner,Construction,Visakhapatnam,Andhra Pradesh,616720,South,Chn001,380469,167449,Net 60,2024-09-25,2024-11-22,2980278,1,2.0136986301369864,677,0.44011207220561993,1480002.0
C0195,Fleet Owner,Logistics,Kolkata,West Bengal,329084,East,Kol001,389773,149217,Advance,2024-05-03,2024-05-26,1929349,2,2.410958904109589,857,0.38283051930226053,800241.3465909092
C0196,Fleet Owner,Rental,Guwahati,Assam,152033,North East,Kol001,318408,222601,Net 60,2021-05-24,2024-03-05,2334321,3,5.3561643835616435,939,0.6991061782367277,435819.5217391305
C0197,Government,Manufacturing,Ahmedabad,Gujarat,213947,West,Ahm001,1385304,201035,Net 45,2024-06-25,2024-09-24,3530774,2,2.265753424657534,736,0.14511977154472952,1558322.261185006
C0198,Government,Mining,Ahmedabad,Gujarat,669276,West,Ahm001,1493816,273190,Net 60,2019-02-28,2023-08-17,2581536,2,7.5917808219178085,1140,0.1828806225130806,340043.53662937565
C0199,Government,Mining,Ahmedabad,Gujarat,650137,West,Ahm001,666213,506832,Net 45,2023-01-13,2023-04-28,1299030,3,3.7150684931506848,1251,0.7607657010595711,349665.15486725664
C0200,Retail,Logistics,Ranchi,Jharkhand,434563,East,Del001,12816,11546,Net 45,2016-05-04,2020-12-26,4624732,2,10.413698630136986,2104,0.9009051186017478,444100.8103130755
C0201,Dealer,Infrastructure,Chennai,Tamil Nadu,870081,South,Chn001,468119,467851,Net 15,2024-10-23,2024-12-24,2973193,4,1.936986301369863,645,0.9994274959999487,1534958.1966053748
C0202,Government,Logistics,Chandigarh,Punjab,163456,North,Ahm001,1402130,532821,Net 60,2020-05-05,2021-09-23,510209,4,6.4082191780821915,1833,0.38000827312731345,79617.90722530996
C0203,Government,Manufacturing,Ahmedabad,Gujarat,821402,West,Ahm001,1101577,142383,Net 30,2019-07-25,2024-02-19,2362351,1,7.189041095890411,954,0.12925378797850717,328604.4645579268
C0204,Retail,Rental,Coimbatore,Tamil Nadu,439537,South,Hyd001,20298,7042,Advance,2019-10-21,2022-01-04,3043085,2,6.947945205479452,1730,0.34693073209183173,437983.4483438486
C0205,Retail,Construction,Lucknow,Uttar Pradesh,190526,North,Chn001,45755,34257,Net 30,2021-01-08,2023-07-21,3302110,2,5.728767123287671,1167,0.7487050595563326,576408.4887613582
C0206,Retail,Construction,Pune,Maharashtra,741792,West,Pun001,29675,24913,Advance,2021-03-08,2023-11-15,4652818,3,5.567123287671233,1050,0.8395282224094356,835767.0127952755
C0207,Corporate,Rental,Kolkata,West Bengal,630478,East,Kol001,463240,70498,Net 30,2020-12-23,2022-11-12,2567329,1,5.772602739726027,1418,0.15218461272774372,444743.7517797817
C0208,Fleet Owner,Logistics,Jaipur,Rajasthan,603127,North,Kol001,737567,537907,Net 45,2015-02-26,2016-12-20,4909280,4,11.6,3571,0.7292991687534828,423213.7931034483
C0209,Corporate,Infrastructure,Ranchi,Jharkhand,785923,East,Chn001,834417,590973,Advance,2021-08-07,2022-01-17,4243326,5,5.1506849315068495,1717,0.7082465961263973,823837.2287234042
C0210,Retail,Infrastructure,Pune,Maharashtra,692562,West,Pun001,11789,1490,Net 45,2016-09-28,2017-09-13,292734,2,10.01095890410959,3304,0.1263890067011621,29241.354679802953
C0211,Fleet Owner,Manufacturing,Hyderabad,Telangana,999725,South,Hyd001,323531,251580,Net 15,2016-04-18,2021-03-20,1923277,1,10.457534246575342,2020,0.7776070917470042,183913.04820539692
C0212,Retail,Infrastructure,Guwahati,Assam,844078,North East,Pun001,24433,23440,Net 15,2024-11-17,2024-12-11,4772583,4,1.8684931506849316,658,0.9593582449965211,2554241.6348973606
C0213,Fleet Owner,Rental,Mumbai,Maharashtra,422969,West,Pun001,192184,161419,Net 15,2020-03-05,2022-01-17,1009507,4,6.575342465753424,1717,0.8399190359239063,153529.18958333335
C0214,Corporate,Rental,Pune,Maharashtra,344501,West,Pun001,583212,447435,Net 45,2022-05-20,2023-08-02,2786626,4,4.367123287671233,1155,0.767191004300323,638091.9008782936
C0215,Corporate,Rental,Chennai,Tamil Nadu,660391,South,Chn001,647280,121034,Net 15,2017-02-23,2018-04-21,1014426,5,9.605479452054794,3084,0.18698862934124336,105609.0958357102
C0216,Government,Mining,Kolkata,West Bengal,633472,East,Kol001,1360073,1039649,Advance,2023-01-18,2024-11-25,4776546,1,3.7013698630136984,674,0.7644067634604907,1290480.5995558847
C0217,Corporate,Infrastructure,Delhi,Delhi,475084,North,Del001,777454,325192,Net 60,2020-07-30,2022-12-08,2663413,5,6.1726027397260275,1392,0.4182781232072894,431489.4562805149
C0218,Fleet Owner,Construction,Nagpur,Maharashtra,824859,West,Pun001,635931,456436,Advance,2018-12-15,2020-02-19,1288773,5,7.7972602739726025,2415,0.7177445351775585,165285.3636683064
C0219,Government,Manufacturing,Pune,Maharashtra,531537,West,Pun001,1072558,185057,Net 60,2024-09-26,2024-12-25,2936698,2,2.010958904109589,644,0.17253798862159436,1460347.098092643
C0220,Government,Infrastructure,Indore,Madhya Pradesh,405535,Central,Kol001,1116238,93524,Net 60,2016-03-22,2016-04-23,784364,2,10.531506849315068,3812,0.08378499925643097,74477.85119667013
C0221,Dealer,Logistics,Delhi,Delhi,880083,North,Del001,244567,24830,Net 45,2020-01-02,2023-10-13,1705101,5,6.747945205479452,1083,0.1015263710966729,252684.47624847747
C0222,Fleet Owner,Logistics,Delhi,Delhi,317831,North,Del001,501339,373637,Net 30,2024-01-01,2024-07-31,2874716,5,2.747945205479452,791,0.7452781451273489,1046132.9411764705
C0223,Corporate,Logistics,Ahmedabad,Gujarat,451562,West,Ahm001,681810,584759,Advance,2021-07-23,2022-10-05,3419466,1,5.191780821917808,1456,0.8576568252152359,658630.654353562
C0224,Retail,Manufacturing,Kolkata,West Bengal,840828,East,Kol001,11280,3718,Net 60,2019-04-20,2022-01-21,494766,3,7.4520547945205475,1713,0.3296099290780142,66393.23161764706
C0225,Fleet Owner,Logistics,Delhi,Delhi,911964,North,Del001,431855,283635,Advance,2018-12-04,2020-11-25,3661909,5,7.8273972602739725,2135,0.6567829479802249,467832.2663633182
C0226,Dealer,Logistics,Ahmedabad,Gujarat,434315,West,Ahm001,400547,150512,Net 30,2024-10-18,2024-11-22,2292193,5,1.9506849315068493,677,0.3757661398038183,1175070.849719101
C0227,Fleet Owner,Infrastructure,Kolkata,West Bengal,118712,East,Kol001,282190,210075,Advance,2019-12-10,2023-11-10,1055642,1,6.810958904109589,1055,0.7444452319359297,154991.68543845534
C0228,Government,Construction,Chennai,Tamil Nadu,380667,South,Chn001,1026411,1025544,Net 30,2015-08-11,2024-03-08,3816135,3,11.145205479452056,936,0.999155309130553,342401.4933628318
C0229,Government,Mining,Patna,Bihar,403433,East,Hyd001,543686,47129,Net 45,2015-01-18,2024-05-17,875835,3,11.706849315068494,866,0.08668422582152198,74813.89538965597
C0230,Dealer,Infrastructure,Delhi,Delhi,178535,North,Del001,271689,146416,Net 15,2018-10-14,2024-03-30,2269188,5,7.967123287671233,914,0.5389102981718067,284818.9889958735
C0231,Government,Infrastructure,Pune,Maharashtra,149155,West,Pun001,903218,113383,Net 15,2023-11-27,2024-01-06,2477900,4,2.8438356164383563,998,0.12553226352884908,871323.2177263969
C0232,Government,Mining,Chennai,Tamil Nadu,981160,South,Chn001,1074153,787541,Advance,2022-10-30,2023-05-05,2355536,1,3.9205479452054797,1244,0.7331739519416693,600818.0573025856
C0233,Government,Logistics,Kolkata,West Bengal,950360,East,Kol001,1146772,306186,Net 45,2023-11-15,2024-04-22,1296434,3,2.8767123287671232,891,0.26699814784455844,450665.1523809524
C0234,Corporate,Infrastructure,Surat,Gujarat,429895,West,Chn001,418214,52828,Net 15,2016-06-26,2020-03-07,1851912,2,10.26849315068493,2398,0.1263181050849565,180348.95410885807
C0235,Fleet Owner,Mining,Bhubaneswar,Odisha,919447,East,Chn001,417861,387266,Net 30,2018-01-05,2019-08-30,3309962,5,8.73972602739726,2588,0.9267818724408355,378726.0595611285
C0236,Corporate,Mining,Mumbai,Maharashtra,743372,West,Kol001,413027,200865,Net 15,2015-06-24,2020-05-27,120322,1,11.276712328767124,2317,0.4863241386156353,10669.953838678328
C0237,Dealer,Infrastructure,Coimbatore,Tamil Nadu,484599,South,Hyd001,488722,178656,Advance,2015-05-15,2021-05-10,2071543,5,11.386301369863014,1969,0.36555751531545544,181932.91506256015
C0238,Corporate,Construction,Chennai,Tamil Nadu,730550,South,Chn001,299342,40569,Net 15,2020-10-12,2024-12-22,2171060,5,5.96986301369863,647,0.13552725644914512,363669.98623221664
C0239,Government,Logistics,Chennai,Tamil Nadu,930958,South,Chn001,1361502,566279,Net 60,2023-05-22,2023-08-23,3774828,4,3.361643835616438,1134,0.41592226820085465,1122911.3447432762
C0240,Corporate,Manufacturing,Hyderabad,Telangana,807573,South,Hyd001,695741,453727,Net 30,2020-02-21,2024-12-07,3665934,1,6.610958904109589,662,0.6521492911873815,554523.7919602155
C0241,Government,Construction,Ahmedabad,Gujarat,948377,West,Ahm001,973243,304765,Net 60,2015-12-23,2021-10-25,2987420,1,10.778082191780822,1801,0.3131437883447402,277175.4702592781
C0242,Government,Construction,Chennai,Tamil Nadu,693852,South,Chn001,568255,46526,Advance,2018-07-14,2021-05-04,1948177,3,8.219178082191782,1975,0.08187521447237596,237028.20166666663
C0243,Government,Construction,Delhi,Delhi,405181,North,Del001,1271592,1157997,Net 60,2015-05-28,2023-09-03,4834474,3,11.35068493150685,1123,0.9106671007681709,425919.1431329954
C0244,Government,Logistics,Lucknow,Uttar Pradesh,401550,North,Kol001,1113022,736516,Net 60,2023-10-29,2024-09-05,2870228,3,2.9232876712328766,755,0.661726363000911,981849.3158388004
C0245,Dealer,Logistics,Chennai,Tamil Nadu,925301,South,Chn001,204820,16669,Advance,2022-01-18,2022-09-28,4185887,2,4.701369863013698,1463,0.08138365394004492,890354.7523310024
C0246,Retail,Manufacturing,Delhi,Delhi,208201,North,Del001,31917,9359,Net 30,2024-06-29,2024-10-18,1740268,2,2.254794520547945,712,0.29322931353197357,771807.80072904
C0247,Corporate,Logistics,Bhubaneswar,Odisha,837357,East,Ahm001,294502,230829,Net 45,2016-09-28,2022-08-17,2560360,2,10.01095890410959,1505,0.783794337559677,255755.71975916802
C0248,Fleet Owner,Rental,Pune,Maharashtra,251319,West,Pun001,635210,15754,Net 30,2022-07-27,2023-06-02,4439748,5,4.1808219178082195,1216,0.024801246831756427,1061931.861074705
C0249,Corporate,Construction,Ahmedabad,Gujarat,934964,West,Ahm001,817572,617949,Net 45,2016-05-18,2016-06-10,3479717,4,10.375342465753425,3764,0.755834348534441,335383.3390546607
C0250,Government,Infrastructure,Patna,Bihar,310510,East,Pun001,886619,515833,Advance,2024-07-27,2024-10-18,3120581,2,2.1780821917808217,712,0.58179781845415,1432719.5786163523
C0251,Dealer,Mining,Chandigarh,Punjab,557054,North,Chn001,325375,94574,Advance,2016-06-05,2024-04-13,4180700,4,10.326027397260274,900,0.2906615443718786,404870.12470151234
C0252,Retail,Construction,Chennai,Tamil Nadu,159891,South,Chn001,19663,14945,Net 45,2024-02-01,2024-09-13,3401892,2,2.663013698630137,747,0.7600569597721609,1277459.4444444443
C0253,Retail,Rental,Pune,Maharashtra,549142,West,Pun001,43197,9387,Net 60,2020-07-18,2021-05-19,2607057,2,6.205479452054795,1960,0.21730675741370928,420121.7682119205
C0254,Dealer,Mining,Ahmedabad,Gujarat,210987,West,Ahm001,194781,184262,Advance,2018-08-27,2023-06-14,2294446,5,8.098630136986301,1204,0.9459957593399767,283312.851826793
C0255,Retail,Infrastructure,Chennai,Tamil Nadu,705539,South,Chn001,22302,1943,Net 15,2023-06-16,2024-08-27,2180685,4,3.293150684931507,764,0.0871222311900278,662188.040765391
C0256,Corporate,Infrastructure,Guwahati,Assam,912402,North East,Pun001,930018,60762,Net 45,2023-09-18,2024-04-06,1637518,4,3.0356164383561643,907,0.06533421933769024,539435.0812274368
C0257,Corporate,Logistics,Delhi,Delhi,140316,North,Del001,443957,112531,Net 45,2019-05-15,2024-10-27,4206921,1,7.383561643835616,703,0.2534727462344326,569768.521335807
C0258,Corporate,Mining,Chennai,Tamil Nadu,757663,South,Chn001,299133,238697,Net 60,2023-02-12,2024-12-08,3042075,2,3.632876712328767,661,0.7979627790982606,837373.5859728507
C0259,Fleet Owner,Logistics,Coimbatore,Tamil Nadu,371860,South,Chn001,326836,313932,Net 15,2018-05-11,2021-08-25,4345818,1,8.394520547945206,1862,0.9605184251428851,517696.9875979112
C0260,Dealer,Logistics,Hyderabad,Telangana,271865,South,Hyd001,127019,19787,Net 45,2018-11-22,2020-03-07,589723,5,7.86027397260274,2398,0.15577984396035238,75025.75636110143
C0261,Dealer,Manufacturing,Delhi,Delhi,852930,North,Del001,164597,79881,Advance,2016-03-14,2022-01-24,2983035,5,10.553424657534247,1710,0.4853126120160149,282660.37772585667
C0262,Corporate,Logistics,Delhi,Delhi,956733,North,Del001,476523,424625,Net 15,2018-10-04,2024-11-07,3067572,4,7.994520547945205,692,0.8910902516772538,383709.31459904043
C0263,Government,Rental,Chennai,Tamil Nadu,240336,South,Chn001,907695,500438,Net 60,2021-05-09,2022-01-26,1348702,3,5.397260273972603,1708,0.551328364704003,249886.41116751268
C0264,Retail,Infrastructure,Pune,Maharashtra,332821,West,Pun001,35955,35640,Net 60,2023-12-16,2024-10-19,3942951,4,2.791780821917808,711,0.9912390488110138,1412342.605495584
C0265,Retail,Mining,Ahmedabad,Gujarat,603834,West,Ahm001,18495,6434,Advance,2023-02-10,2023-09-20,425963,1,3.638356164383562,1106,0.3478778048121114,117075.67394578313
C0266,Fleet Owner,Rental,Bengaluru,Karnataka,336885,South,Chn001,196336,54211,Advance,2020-02-07,2023-12-07,2913490,4,6.64931506849315,1028,0.27611339744112134,438163.92665842606
C0267,Fleet Owner,Infrastructure,Hyderabad,Telangana,730438,South,Hyd001,253236,64982,Net 60,2022-02-15,2024-11-19,4998438,3,4.624657534246575,680,0.25660648564974964,1080823.3827014219
C0268,Government,Mining,Pune,Maharashtra,718875,West,Pun001,1168032,365651,Net 60,2021-05-09,2024-12-17,3247413,3,5.397260273972603,652,0.31304878633462097,601678.043147208
C0269,Government,Mining,Chennai,Tamil Nadu,246070,South,Chn001,1060345,618,Net 15,2015-07-06,2022-01-13,1979371,1,11.243835616438357,1721,0.0005828291735237117,176040.5494639376
C0270,Corporate,Manufacturing,Delhi,Delhi,949866,North,Del001,711134,413227,Net 30,2015-07-25,2022-07-05,1450807,2,11.191780821917808,1548,0.5810817651806832,129631.47001223991
C0271,Corporate,Infrastructure,Hyderabad,Telangana,384835,South,Hyd001,399363,217846,Net 30,2022-01-16,2024-08-23,3506003,5,4.706849315068493,768,0.545483682764803,744872.5814901048
C0272,Government,Construction,Delhi,Delhi,524103,North,Del001,963398,856171,Net 45,2024-10-24,2024-11-29,452029,1,1.9342465753424658,670,0.8886991669071349,233697.71246458922
C0273,Dealer,Manufacturing,Kolkata,West Bengal,813669,East,Kol001,181148,167313,Advance,2022-10-08,2024-04-06,3745394,1,3.9808219178082194,907,0.9236259853821185,940859.4700619407
C0274,Dealer,Mining,Jaipur,Rajasthan,586594,North,Chn001,463140,127143,Net 60,2021-05-17,2022-12-04,2245149,3,5.375342465753425,1396,0.27452390205985233,417675.52752293576
C0275,Fleet Owner,Construction,Vadodara,Gujarat,874695,West,Ahm001,651275,262408,Net 15,2022-10-29,2022-12-10,4940277,5,3.9232876712328766,1390,0.4029142835207862,1259218.6487430169
C0276,Dealer,Manufacturing,Indore,Madhya Pradesh,876391,Central,Kol001,337657,283507,Net 45,2024-03-11,2024-09-30,4402182,3,2.5561643835616437,730,0.8396301572305623,1722182.6688102896
C0277,Dealer,Logistics,Surat,Gujarat,942267,West,Pun001,430878,302093,Net 60,2017-04-25,2021-02-04,3095457,1,9.438356164383562,2064,0.7011102910800737,327965.6908563135
C0278,Fleet Owner,Logistics,Ahmedabad,Gujarat,527765,West,Ahm001,312177,50733,Net 45,2019-11-25,2024-03-10,899867,4,6.852054794520548,934,0.16251357403011754,131328.0507796881
C0279,Dealer,Rental,Nagpur,Maharashtra,221447,West,Chn001,105022,100986,Advance,2019-06-26,2019-09-05,4525943,4,7.2684931506849315,2582,0.9615699567709622,622679.6814926498
C0280,Corporate,Construction,Pune,Maharashtra,751218,West,Pun001,252022,26117,Advance,2015-03-25,2022-04-21,3250199,4,11.526027397260274,1623,0.10362984183920451,281987.79058711673
C0281,Government,Logistics,Visakhapatnam,Andhra Pradesh,222005,South,Kol001,1088567,176124,Net 60,2023-11-15,2024-08-06,3812879,4,2.8767123287671232,785,0.16179435900592246,1325429.3666666667
C0282,Government,Logistics,Kolkata,West Bengal,718268,East,Kol001,1271863,328689,Advance,2021-01-25,2023-01-07,275746,2,5.682191780821918,1362,0.25843113605789303,48528.10511089682
C0283,Retail,Logistics,Jaipur,Rajasthan,319681,North,Chn001,11744,10481,Net 30,2021-01-29,2023-03-05,923830,1,5.671232876712328,1305,0.8924557220708447,162897.56038647343
C0284,Corporate,Manufacturing,Kolkata,West Bengal,662773,East,Kol001,948858,247207,Net 60,2018-05-25,2021-06-15,680629,1,8.356164383561644,1933,0.26053108051995133,81452.32295081967
C0285,Government,Infrastructure,Pune,Maharashtra,631342,West,Pun001,1359546,764093,Net 15,2015-03-03,2018-10-22,1137079,4,11.586301369863014,2900,0.562020703970296,98139.94679593285
C0286,Dealer,Construction,Chennai,Tamil Nadu,627496,South,Chn001,168144,158029,Net 30,2019-08-31,2022-08-19,319122,2,7.087671232876712,1503,0.9398432296127129,45024.94395052184
C0287,Dealer,Manufacturing,Chennai,Tamil Nadu,632433,South,Chn001,208477,196469,Net 60,2018-12-09,2023-07-15,4379591,4,7.813698630136987,1173,0.9424013200496937,560501.6532258064
C0288,Dealer,Infrastructure,Delhi,Delhi,955440,North,Del001,279745,19656,Net 30,2017-02-11,2024-06-20,1107835,3,9.638356164383561,832,0.07026399041984664,114940.24303581582
C0289,Corporate,Logistics,Hyderabad,Telangana,346070,South,Hyd001,600072,472573,Net 15,2024-09-24,2024-11-15,1462501,2,2.0164383561643837,684,0.7875271634070579,725289.21875
C0290,Corporate,Construction,Ahmedabad,Gujarat,304316,West,Ahm001,506218,233450,Advance,2020-12-06,2021-05-31,2970937,3,5.8191780821917805,1948,0.4611649526488588,510542.37523540494
C0291,Retail,Construction,Hyderabad,Telangana,725514,South,Hyd001,34183,21689,Advance,2020-04-30,2021-03-30,4694950,2,6.421917808219178,2010,0.6344966796360764,731082.2312286689
C0292,Corporate,Rental,Indore,Madhya Pradesh,356255,Central,Ahm001,627266,572987,Net 15,2024-05-23,2024-06-24,3685338,2,2.356164383561644,828,0.9134673328380624,1564126.011627907
C0293,Dealer,Logistics,Pune,Maharashtra,869457,West,Pun001,304956,217813,Net 30,2021-06-02,2023-03-09,2310586,3,5.331506849315068,1301,0.7142440220884324,433383.2939362796
C0294,Government,Infrastructure,Hyderabad,Telangana,943042,South,Hyd001,826435,405286,Net 45,2018-10-22,2020-05-18,2970644,4,7.945205479452055,2326,0.4904027539975921,373891.4
C0295,Corporate,Mining,Kolkata,West Bengal,726520,East,Kol001,789992,559779,Net 45,2015-11-02,2020-06-26,2521442,5,10.917808219178083,2287,0.7085881882348176,230947.63613550813
C0296,Corporate,Manufacturing,Kolkata,West Bengal,514602,East,Kol001,361733,33627,Net 60,2018-09-16,2022-03-25,1432327,2,8.043835616438356,1650,0.09296083022560839,178065.17540871934
C0297,Fleet Owner,Rental,Chennai,Tamil Nadu,916396,South,Chn001,333899,295884,Net 15,2019-09-07,2024-01-07,607304,3,7.068493150684931,997,0.8861482064935804,85917.03875968992
C0298,Fleet Owner,Construction,Chennai,Tamil Nadu,733362,South,Chn001,229813,62180,Advance,2021-04-18,2024-02-08,4265849,4,5.454794520547945,965,0.27056780947988146,782036.6072325466
C0299,Retail,Logistics,Bengaluru,Karnataka,209634,South,Chn001,36717,4107,Advance,2015-10-31,2016-05-05,3002161,1,10.923287671232877,3800,0.11185554375357463,274840.4226235264
C0300,Dealer,Mining,Delhi,Delhi,230329,North,Del001,121112,70050,Net 15,2017-11-22,2023-11-13,1534872,1,8.860273972602739,1052,0.5783902503467865,173230.76066790352
C0301,Dealer,Mining,Ranchi,Jharkhand,724245,East,Kol001,388632,1511,Advance,2023-08-11,2024-09-27,3371303,5,3.1397260273972605,733,0.0038879968710759795,1073757.0636998254
C0302,Fleet Owner,Mining,Ahmedabad,Gujarat,501055,West,Ahm001,698314,539240,Net 15,2024-07-26,2024-08-10,951040,1,2.180821917808219,781,0.7722027626540496,436092.4623115578
C0303,Corporate,Mining,Ahmedabad,Gujarat,483515,West,Ahm001,323564,38655,Net 45,2016-05-12,2019-03-09,3123132,3,10.391780821917807,2762,0.11946631887354588,300538.67123648827
C0304,Dealer,Construction,Delhi,Delhi,948084,North,Del001,177177,155235,Net 60,2015-05-13,2022-01-31,4407636,5,11.391780821917807,1703,0.8761577405645202,386913.69408369414
C0305,Fleet Owner,Logistics,Delhi,Delhi,525669,North,Del001,702965,105968,Net 15,2017-05-14,2022-08-09,628679,3,9.386301369863014,1513,0.15074434715810886,66978.35230589609
C0306,Fleet Owner,Manufacturing,Kolkata,West Bengal,184147,East,Kol001,126541,117140,Net 30,2022-10-11,2024-04-24,3481035,1,3.9726027397260273,889,0.9257078733374954,876260.5344827586
C0307,Dealer,Manufacturing,Ahmedabad,Gujarat,105988,West,Ahm001,302503,100600,Net 15,2018-03-10,2020-09-25,1605703,1,8.564383561643835,2196,0.33255868536840955,187486.11484325016
C0308,Retail,Mining,Delhi,Delhi,231014,North,Del001,23387,13502,Net 60,2021-05-28,2024-08-13,832525,3,5.345205479452055,778,0.5773292855004917,155751.72988211174
C0309,Government,Manufacturing,Ahmedabad,Gujarat,379741,West,Ahm001,618080,43088,Net 45,2017-10-12,2020-11-18,400242,4,8.972602739726028,2142,0.06971265855552679,44607.12366412213
C0310,Government,Infrastructure,Patna,Bihar,743977,East,Chn001,735405,630621,Net 30,2021-11-23,2024-12-09,1562196,4,4.854794520547945,660,0.8575152467007975,321784.16478555306
C0311,Government,Infrastructure,Chandigarh,Punjab,618949,North,Del001,1148922,76276,Net 45,2017-11-07,2022-11-16,110309,4,8.901369863013699,1414,0.06638918917037014,12392.362265312404
C0312,Government,Construction,Vadodara,Gujarat,125377,West,Pun001,673691,616166,Net 45,2023-10-19,2024-09-02,3569502,4,2.9506849315068493,758,0.914612188674036,1209719.8050139276
C0313,Corporate,Mining,Ahmedabad,Gujarat,942388,West,Ahm001,821603,658403,Net 60,2017-08-06,2024-12-06,4863029,1,9.156164383561643,663,0.8013639190704026,531120.7615200479
C0314,Retail,Logistics,Kolkata,West Bengal,959530,East,Kol001,10952,8769,Net 15,2018-12-20,2021-12-18,3630561,1,7.7835616438356166,1747,0.8006756756756757,466439.55121436116
C0315,Dealer,Rental,Surat,Gujarat,280156,West,Ahm001,407774,313009,Net 45,2023-06-30,2023-09-23,1772747,4,3.254794520547945,1103,0.7676041140435633,544657.117003367
C0316,Dealer,Manufacturing,Kolkata,West Bengal,739893,East,Kol001,254996,128290,Net 45,2024-09-06,2024-12-07,4492268,4,2.0657534246575344,662,0.5031059310734286,2174639.018567639
C0317,Corporate,Manufacturing,Coimbatore,Tamil Nadu,824683,South,Hyd001,228417,52279,Net 60,2018-01-11,2020-06-11,4843191,3,8.723287671232876,2302,0.22887525884675833,555202.4858668342
C0318,Corporate,Logistics,Delhi,Delhi,101120,North,Del001,973000,403649,Net 45,2021-12-10,2024-09-01,4078216,3,4.808219178082192,759,0.41484994861253854,848175.9772079772
C0319,Dealer,Mining,Bengaluru,Karnataka,542765,South,Kol001,396406,88680,Net 30,2020-04-20,2021-12-18,289733,5,6.449315068493151,1747,0.22371003466143297,44924.6155480034
C0320,Retail,Construction,Delhi,Delhi,484803,North,Del001,16859,8363,Net 60,2015-04-28,2024-08-31,1584116,1,11.432876712328767,760,0.496055519307195,138557.9535106638
C0321,Retail,Logistics,Hyderabad,Telangana,697931,South,Hyd001,33291,18767,Net 60,2015-11-22,2018-06-24,4937062,2,10.863013698630137,3020,0.5637259319335556,454483.6393442623
C0322,Government,Construction,Ahmedabad,Gujarat,282070,West,Ahm001,975830,17767,Net 60,2022-12-13,2023-10-19,3366371,2,3.8,1077,0.01820706475513153,885887.105263158
C0323,Government,Manufacturing,Ahmedabad,Gujarat,536440,West,Ahm001,717071,189451,Advance,2019-11-28,2021-10-16,2609312,2,6.843835616438356,1810,0.2642011739423293,381264.56365092075
C0324,Corporate,Mining,Chennai,Tamil Nadu,251860,South,Chn001,384819,150633,Net 45,2019-11-10,2024-02-29,639623,5,6.8931506849315065,944,0.391438572419761,92791.09499205087
C0325,Corporate,Rental,Kolkata,West Bengal,528110,East,Kol001,811959,363532,Net 30,2023-01-20,2023-09-07,3922336,3,3.695890410958904,1119,0.44772211404763046,1061269.5626389917
C0326,Government,Mining,Kolkata,West Bengal,186526,East,Kol001,1143072,798334,Advance,2016-08-31,2020-04-22,885832,4,10.087671232876712,2352,0.6984109487416366,87813.32971211299
C0327,Retail,Mining,Vadodara,Gujarat,351735,West,Ahm001,37994,22697,Net 15,2017-04-28,2022-12-28,3736074,1,9.43013698630137,1372,0.5973837974417013,396184.4886693782
C0328,Government,Rental,Kolkata,West Bengal,969544,East,Kol001,1177052,510972,Net 45,2015-07-31,2023-03-17,4806204,4,11.175342465753424,1293,0.43411166201663137,430072.18926207407
C0329,Dealer,Infrastructure,Indore,Madhya Pradesh,824175,Central,Pun001,434298,220404,Net 45,2021-08-04,2024-09-18,3434326,1,5.158904109589041,742,0.5074948537640054,665708.4386617101
C0330,Retail,Infrastructure,Bhubaneswar,Odisha,894006,East,Kol001,41835,63,Net 30,2019-12-31,2022-05-02,963946,3,6.7534246575342465,1612,0.0015059160989602009,142734.39756592293
C0331,Dealer,Logistics,Delhi,Delhi,514309,North,Del001,270715,127398,Net 45,2016-10-17,2024-07-25,2884173,2,9.95890410958904,797,0.4705982306115287,289607.4676753783
C0332,Corporate,Mining,Bengaluru,Karnataka,161708,South,Hyd001,545215,438695,Net 45,2019-04-24,2020-11-14,720896,1,7.441095890410959,2146,0.8046275322579166,96880.35346097202
C0333,Corporate,Mining,Hyderabad,Telangana,611817,South,Hyd001,523789,445736,Net 15,2019-06-10,2024-01-01,631843,3,7.3123287671232875,1003,0.8509838885505423,86407.9037092544
C0334,Corporate,Mining,Chennai,Tamil Nadu,227160,South,Chn001,681229,142562,Net 15,2019-12-27,2020-05-13,2075423,5,6.764383561643836,2331,0.20927177204728512,306816.2798703929
C0335,Government,Infrastructure,Guwahati,Assam,559589,North East,Pun001,989169,722277,Net 15,2017-09-19,2018-09-25,1754965,5,9.035616438356165,2927,0.7301856406741416,194227.47877501516
C0336,Government,Rental,Kolkata,West Bengal,111084,East,Kol001,1317175,577628,Net 15,2019-10-05,2022-11-27,4124476,5,6.991780821917808,1403,0.43853550211627157,589903.5031347963
C0337,Corporate,Manufacturing,Delhi,Delhi,437427,North,Del001,713111,101691,Advance,2016-02-18,2020-08-17,2363918,2,10.621917808219179,2235,0.1426019231227677,222550.95950477172
C0338,Corporate,Rental,Ahmedabad,Gujarat,458971,West,Ahm001,849500,770295,Net 60,2022-12-13,2023-01-07,1385118,4,3.8,1362,0.9067628016480282,364504.7368421053
C0339,Fleet Owner,Logistics,Chennai,Tamil Nadu,805550,South,Chn001,121781,76116,Advance,2016-12-05,2024-01-16,2608540,2,9.824657534246576,988,0.6250236079519794,265509.50920245395
C0340,Government,Mining,Hyderabad,Telangana,821548,South,Hyd001,610937,228953,Net 30,2022-06-03,2023-08-06,3763797,3,4.328767123287672,1151,0.3747571353511082,869484.7499999999
C0341,Fleet Owner,Mining,Delhi,Delhi,555933,North,Del001,303484,207197,Net 45,2021-08-02,2023-05-06,4561326,5,5.164383561643835,1243,0.6827279197585375,883227.5809018568
C0342,Dealer,Infrastructure,Delhi,Delhi,631538,North,Del001,104911,39842,Net 45,2023-12-14,2024-07-07,4643507,5,2.797260273972603,815,0.3797695189255655,1660019.6425073456
C0343,Corporate,Construction,Pune,Maharashtra,675536,West,Pun001,994769,993939,Advance,2018-02-15,2024-02-11,1163369,1,8.627397260273973,962,0.9991656354389813,134845.88281994284
C0344,Fleet Owner,Mining,Mumbai,Maharashtra,526863,West,Chn001,508890,439948,Net 30,2016-03-27,2017-06-16,1013188,2,10.517808219178082,3393,0.8645247499459608,96330.71633237822
C0345,Retail,Infrastructure,Pune,Maharashtra,505943,West,Pun001,31532,26687,Net 30,2021-04-14,2021-09-01,901015,2,5.465753424657534,1855,0.846346568565267,164847.3558897243
C0346,Retail,Construction,Patna,Bihar,630595,East,Hyd001,30962,26154,Advance,2021-11-28,2022-11-09,4661130,3,4.841095890410959,1421,0.8447128738453589,962825.3820033955
C0347,Retail,Mining,Delhi,Delhi,116696,North,Del001,33854,16481,Net 45,2020-08-17,2022-11-08,2632076,4,6.123287671232877,1422,0.48682578129615406,429846.8635346756
C0348,Retail,Logistics,Delhi,Delhi,393037,North,Del001,32723,11641,Net 60,2024-06-25,2024-11-29,1059419,2,2.265753424657534,670,0.355743666534242,467579.123337364
C0349,Corporate,Rental,Ahmedabad,Gujarat,238156,West,Ahm001,505172,308946,Advance,2018-12-07,2020-05-26,4461026,1,7.8191780821917805,2318,0.6115659616922553,570523.6475122635
C0350,Dealer,Logistics,Guwahati,Assam,186321,North East,Ahm001,386127,5509,Net 45,2015-09-26,2016-02-02,94708,2,11.01917808219178,3893,0.014267326553180689,8594.83341621084
C0351,Corporate,Rental,Bhubaneswar,Odisha,396175,East,Chn001,483031,235148,Advance,2018-11-13,2024-08-19,4716013,1,7.884931506849315,772,0.48681761626065406,598104.4979152189
C0352,Corporate,Mining,Bengaluru,Karnataka,562244,South,Kol001,729658,322307,Net 45,2016-08-01,2021-11-27,862834,1,10.169863013698631,1768,0.44172338273547335,84842.24407327586
C0353,Dealer,Manufacturing,Delhi,Delhi,180634,North,Del001,275021,20542,Net 60,2019-10-20,2022-04-13,3081421,1,6.950684931506849,1631,0.07469247802895052,443326.23768230196
C0354,Corporate,Logistics,Hyderabad,Telangana,622667,South,Hyd001,261489,79839,Advance,2023-07-15,2024-09-12,4359978,2,3.213698630136986,748,0.3053245069582277,1356685.3964194374
C0355,Government,Infrastructure,Hyderabad,Telangana,242948,South,Hyd001,917399,657955,Net 45,2022-12-05,2024-12-01,1127385,4,3.8219178082191783,668,0.7171961164117249,294978.87096774194
C0356,Dealer,Mining,Bhubaneswar,Odisha,371505,East,Del001,277333,232370,Net 45,2024-02-02,2024-12-21,311370,2,2.66027397260274,648,0.8378736032134654,117044.33573635427
C0357,Corporate,Mining,Ahmedabad,Gujarat,530346,West,Ahm001,573217,397222,Net 15,2023-11-20,2024-10-10,1701727,2,2.863013698630137,720,0.6929696781498106,594383.1148325359
C0358,Government,Infrastructure,Pune,Maharashtra,132835,West,Pun001,1086668,719489,Net 15,2019-07-20,2023-10-03,392225,4,7.2027397260273975,1093,0.6621056293182462,54454.973373906425
C0359,Fleet Owner,Mining,Hyderabad,Telangana,381808,South,Hyd001,413735,90805,Net 45,2019-09-19,2020-09-11,264385,3,7.035616438356165,2210,0.21947623478796816,37578.08605919003
C0360,Dealer,Construction,Ahmedabad,Gujarat,794474,West,Ahm001,433677,398778,Net 45,2020-06-09,2022-01-16,2823421,5,6.3123287671232875,1718,0.9195276669041706,447286.74696180556
C0361,Government,Logistics,Hyderabad,Telangana,967042,South,Hyd001,623046,455127,Net 45,2019-04-10,2021-09-21,3336568,5,7.47945205479452,1835,0.730486994539729,446097.91941391944
C0362,Corporate,Rental,Vadodara,Gujarat,569707,West,Ahm001,814512,9547,Net 15,2015-11-20,2019-06-13,4484070,1,10.868493150684932,2666,0.011721128724929773,412575.13234182
C0363,Fleet Owner,Logistics,Visakhapatnam,Andhra Pradesh,460057,South,Ahm001,384777,224253,Advance,2022-03-17,2024-01-13,3463797,5,4.542465753424658,991,0.5828129020185718,762536.7340168877
C0364,Government,Infrastructure,Kolkata,West Bengal,777183,East,Kol001,615436,402232,Net 30,2023-01-20,2023-07-22,4316483,5,3.695890410958904,1166,0.6535724267023704,1167914.2290585618
C0365,Government,Manufacturing,Kolkata,West Bengal,395894,East,Kol001,617154,362148,Net 60,2019-05-16,2023-03-01,196814,1,7.380821917808219,1309,0.586803293829417,26665.593912397922
C0366,Corporate,Logistics,Kolkata,West Bengal,114252,East,Kol001,429866,27962,Advance,2015-02-22,2021-01-29,4089731,4,11.610958904109589,2070,0.06504817780424597,352230.25365738553
C0367,Fleet Owner,Logistics,Chennai,Tamil Nadu,958847,South,Chn001,747445,501548,Net 60,2018-09-01,2022-11-21,988569,2,8.084931506849315,1409,0.6710165965388758,122273.02100982716
C0368,Fleet Owner,Construction,Chennai,Tamil Nadu,981995,South,Chn001,234723,90488,Advance,2022-08-02,2024-08-13,1002432,1,4.164383561643835,778,0.38550972848847365,240715.57894736843
C0369,Government,Manufacturing,Pune,Maharashtra,699016,West,Pun001,1482938,332815,Net 15,2021-11-05,2023-02-28,3175792,1,4.904109589041096,1310,0.2244294771595306,647577.6983240223
C0370,Corporate,Infrastructure,Kolkata,West Bengal,289252,East,Kol001,375748,373898,Net 30,2020-09-24,2023-11-09,4328875,4,6.019178082191781,1056,0.9950764874330669,719180.4164770141
C0371,Retail,Rental,Hyderabad,Telangana,829544,South,Hyd001,20028,141,Net 15,2020-09-09,2023-07-01,804387,3,6.06027397260274,1187,0.007040143798681845,132731.12793851717
C0372,Government,Logistics,Hyderabad,Telangana,944412,South,Hyd001,778200,681891,Net 60,2021-06-14,2022-01-23,568927,4,5.298630136986302,1711,0.8762413261372398,107372.4689762151
C0373,Corporate,Manufacturing,Hyderabad,Telangana,211443,South,Hyd001,502349,395823,Net 15,2024-07-02,2024-08-31,457880,3,2.2465753424657535,760,0.7879442379700169,203812.43902439025
C0374,Corporate,Manufacturing,Pune,Maharashtra,371503,West,Pun001,309830,45731,Net 30,2015-07-21,2023-10-27,1066729,5,11.202739726027398,1069,0.14760029693702997,95220.36806065052
C0375,Fleet Owner,Mining,Surat,Gujarat,747486,West,Pun001,243350,85892,Net 60,2016-10-07,2018-05-22,272234,1,9.986301369863014,3053,0.3529566468050134,27260.743484224964
C0376,Retail,Construction,Delhi,Delhi,369163,North,Del001,37739,31805,Net 30,2023-01-27,2024-12-03,1560923,5,3.6767123287671235,666,0.8427621293621983,424543.1408345752
C0377,Dealer,Logistics,Nagpur,Maharashtra,975750,West,Chn001,162271,99916,Net 45,2017-12-26,2019-12-25,299004,3,8.767123287671232,2471,0.6157354055869503,34105.14375
C0378,Retail,Manufacturing,Delhi,Delhi,664791,North,Del001,45130,31976,Advance,2023-03-23,2023-03-27,2167716,4,3.526027397260274,1283,0.7085309107024153,614775.710955711
C0379,Retail,Mining,Vadodara,Gujarat,532220,West,Chn001,22642,8448,Advance,2017-11-11,2021-05-22,2718893,3,8.89041095890411,1957,0.37311191590848863,305823.0955315871
C0380,Fleet Owner,Manufacturing,Hyderabad,Telangana,909623,South,Hyd001,343972,250436,Net 45,2021-04-03,2022-03-27,2742927,5,5.495890410958904,1648,0.7280708894910051,499086.91674975073
C0381,Corporate,Mining,Chennai,Tamil Nadu,759741,South,Chn001,571520,435086,Advance,2016-05-04,2024-05-29,1861892,4,10.413698630136986,854,0.7612786954087346,178792.57563799
C0382,Retail,Manufacturing,Hyderabad,Telangana,128494,South,Hyd001,41306,34329,Advance,2023-07-15,2023-09-08,2962702,3,3.213698630136986,1118,0.8310899142981649,921897.8942881501
C0383,Fleet Owner,Infrastructure,Lucknow,Uttar Pradesh,967041,North,Pun001,316263,124305,Net 15,2017-07-16,2021-04-16,2138070,5,9.213698630136987,1993,0.39304313182383016,232053.38983050844
C0384,Retail,Construction,Chennai,Tamil Nadu,151838,South,Chn001,30122,4580,Net 45,2019-06-21,2022-04-04,3277832,3,7.282191780821917,1640,0.1520483367638271,450116.13243039884
C0385,Corporate,Manufacturing,Ahmedabad,Gujarat,831448,West,Ahm001,406137,295086,Net 45,2024-06-10,2024-09-20,2792441,2,2.3068493150684932,740,0.726567636043995,1210499.958432304
C0386,Retail,Construction,Delhi,Delhi,814379,North,Del001,31717,8568,Net 30,2017-05-03,2017-07-18,3157134,4,9.416438356164383,3361,0.2701390421540499,335278.9962176317
C0387,Dealer,Infrastructure,Kolkata,West Bengal,938462,East,Kol001,111501,60386,Net 45,2022-01-01,2022-01-25,4188647,4,4.747945205479452,1709,0.541573618173828,882202.05135603
C0388,Fleet Owner,Infrastructure,Pune,Maharashtra,804216,West,Pun001,780698,677920,Advance,2020-05-15,2021-08-02,3970952,5,6.380821917808219,1885,0.8683511421830208,622326.0970373551
C0389,Retail,Mining,Surat,Gujarat,569904,West,Ahm001,34342,20256,Advance,2019-06-05,2019-07-29,1909827,5,7.326027397260274,2620,0.5898316929707065,260690.67127898277
C0390,Fleet Owner,Construction,Delhi,Delhi,545717,North,Del001,220350,71369,Advance,2024-04-16,2024-05-09,2393519,3,2.4575342465753423,874,0.3238892670751078,973951.4325529544
C0391,Government,Construction,Ahmedabad,Gujarat,399328,West,Ahm001,624393,239160,Net 60,2022-02-23,2022-10-30,3997258,3,4.602739726027397,1431,0.38302799679048294,868451.886904762
C0392,Fleet Owner,Logistics,Kolkata,West Bengal,349958,East,Kol001,465583,265735,Net 60,2015-02-15,2017-12-06,2498913,2,11.63013698630137,3220,0.5707575233631812,214865.3109540636
C0393,Retail,Rental,Kolkata,West Bengal,710033,East,Kol001,41273,8717,Net 15,2019-04-04,2022-05-27,2091644,3,7.495890410958904,1587,0.21120345019746564,279038.76461988303
C0394,Government,Construction,Hyderabad,Telangana,575418,South,Hyd001,685435,586864,Net 45,2023-09-30,2024-10-12,1574495,4,3.0027397260273974,718,0.8561920532216768,524352.8056569343
C0395,Corporate,Manufacturing,Kolkata,West Bengal,278170,East,Kol001,680072,209294,Net 45,2016-02-29,2021-05-19,4995587,1,10.591780821917808,1960,0.3077527085367432,471647.50517330575
C0396,Government,Manufacturing,Ahmedabad,Gujarat,848000,West,Ahm001,753812,37466,Net 45,2019-03-19,2022-10-04,875393,2,7.53972602739726,1457,0.04970204772542756,116104.08611918605
C0397,Fleet Owner,Mining,Ahmedabad,Gujarat,792218,West,Ahm001,685521,640617,Net 30,2015-04-10,2021-09-24,4895948,3,11.482191780821918,1832,0.9344965362111445,426394.89859222143
C0398,Government,Rental,Hyderabad,Telangana,653460,South,Hyd001,1207145,1061185,Net 30,2021-10-16,2022-01-04,2209695,5,4.958904109589041,1730,0.8790866051717068,445601.47790055245
C0399,Fleet Owner,Rental,Chennai,Tamil Nadu,171900,South,Chn001,384480,12371,Advance,2015-01-07,2016-11-10,2084256,3,11.736986301369862,3611,0.03217592592592593,177580.1680672269
C0400,Government,Infrastructure,Delhi,Delhi,905849,North,Del001,1018688,799757,Net 60,2019-04-19,2020-05-24,1230986,5,7.454794520547945,2320,0.7850853254382107,165126.75119441384
C0401,Government,Logistics,Guwahati,Assam,734810,North East,Del001,1066548,57200,Net 60,2015-02-06,2023-01-30,1792691,1,11.654794520547945,1339,0.05363096644501701,153815.75340855666
C0402,Fleet Owner,Rental,Hyderabad,Telangana,671193,South,Hyd001,599112,461073,Net 15,2018-03-04,2023-11-30,4233503,1,8.580821917808219,1035,0.7695939991186956,493368.00606641127
C0403,Government,Construction,Kolkata,West Bengal,844819,East,Kol001,954046,440000,Advance,2018-09-25,2021-02-18,4186259,4,8.01917808219178,2050,0.4611936950629215,522030.9309873591
C0404,Government,Mining,Ahmedabad,Gujarat,673761,West,Ahm001,1177246,346690,Net 30,2019-03-04,2023-01-20,627722,5,7.580821917808219,1349,0.29449240005912103,82803.95012649079
C0405,Corporate,Infrastructure,Pune,Maharashtra,351843,West,Pun001,216557,212474,Net 30,2022-12-16,2024-04-18,408152,3,3.791780821917808,895,0.9811458415105492,107641.24277456648
C0406,Dealer,Logistics,Pune,Maharashtra,281839,West,Pun001,229106,158033,Advance,2024-05-22,2024-06-18,1559003,3,2.3589041095890413,834,0.6897811493369881,660901.387921022
C0407,Dealer,Logistics,Hyderabad,Telangana,748301,South,Hyd001,379116,62934,Net 45,2019-07-21,2021-07-21,688697,2,7.2,1897,0.16600196246003862,95652.36111111111
C0408,Government,Infrastructure,Hyderabad,Telangana,356262,South,Hyd001,1461198,1221928,Net 60,2021-01-20,2022-02-13,403552,4,5.695890410958904,1690,0.8362508024237646,70849.67772967773
C0409,Government,Logistics,Pune,Maharashtra,350465,West,Pun001,990136,859423,Net 45,2023-01-24,2023-05-12,4815446,1,3.684931506849315,1237,0.867984802087794,1306793.8959107806
C0410,Corporate,Mining,Hyderabad,Telangana,540969,South,Hyd001,320500,286790,Net 30,2015-02-01,2018-01-04,3632574,4,11.668493150684931,3191,0.894820592823713,311314.7475933318
C0411,Corporate,Mining,Hyderabad,Telangana,757174,South,Hyd001,621936,347662,Advance,2021-10-14,2024-12-02,1574673,5,4.964383561643835,667,0.5589996398343238,317194.0645695364
C0412,Corporate,Infrastructure,Kolkata,West Bengal,285860,East,Kol001,699539,571001,Net 45,2019-07-22,2024-05-18,4934990,3,7.197260273972603,865,0.8162532753713517,685676.1895698515
C0413,Fleet Owner,Manufacturing,Chennai,Tamil Nadu,390643,South,Chn001,225464,22974,Net 15,2021-08-22,2024-09-16,388060,1,5.109589041095891,744,0.10189653337118121,75947.39946380697
C0414,Dealer,Construction,Chennai,Tamil Nadu,942860,South,Chn001,252548,96330,Net 30,2017-04-17,2021-09-17,1626969,4,9.46027397260274,1839,0.3814324405657538,171979.0573414422
C0415,Government,Infrastructure,Guwahati,Assam,834035,North East,Pun001,870771,121474,Net 30,2016-01-03,2022-07-30,2126104,1,10.747945205479452,1523,0.13950166002312892,197814.9273515167
C0416,Dealer,Manufacturing,Chennai,Tamil Nadu,626893,South,Chn001,498960,179763,Net 30,2023-12-03,2024-02-25,4787771,2,2.8273972602739725,948,0.36027537277537275,1693349.2393410853
C0417,Fleet Owner,Mining,Kolkata,West Bengal,858752,East,Kol001,587793,383902,Advance,2019-10-01,2021-01-13,4991661,3,7.002739726027397,2086,0.653124484299745,712815.440140845
C0418,Government,Mining,Pune,Maharashtra,808787,West,Pun001,1185942,749861,Net 15,2015-12-25,2020-07-08,2816762,4,10.772602739726027,2275,0.6322914611338497,261474.6007121058
C0419,Fleet Owner,Logistics,Mumbai,Maharashtra,711113,West,Ahm001,344338,246613,Net 45,2020-02-06,2020-08-25,4638683,1,6.652054794520548,2227,0.7161945530263869,697330.8463756178
C0420,Retail,Rental,Chennai,Tamil Nadu,641521,South,Chn001,44758,199,Net 30,2017-01-26,2023-03-03,1554091,3,9.682191780821919,1307,0.004446132534965816,160510.2475947934
C0421,Retail,Construction,Chennai,Tamil Nadu,413643,South,Chn001,35710,11463,Net 30,2015-03-28,2021-12-01,1317297,3,11.517808219178082,1764,0.3210025203024363,114370.45789724072
C0422,Government,Construction,Hyderabad,Telangana,624787,South,Hyd001,858335,605029,Net 60,2020-04-12,2020-05-20,4173268,5,6.471232876712329,2324,0.7048867866275987,644895.3513971211
C0423,Dealer,Infrastructure,Visakhapatnam,Andhra Pradesh,409576,South,Del001,234222,160010,Net 60,2016-10-12,2020-04-03,1062632,3,9.972602739726028,2371,0.6831552971112875,106555.13186813187
C0424,Retail,Construction,Ahmedabad,Gujarat,651216,West,Ahm001,28345,28072,Net 45,2018-04-26,2019-10-13,3775398,4,8.435616438356165,2544,0.990368671723408,447554.4884702825
C0425,Dealer,Manufacturing,Chennai,Tamil Nadu,674959,South,Chn001,197706,90771,Net 30,2015-01-07,2017-12-18,2378207,3,11.736986301369862,3208,0.4591211192376559,202625.01283846874
C0426,Dealer,Infrastructure,Guwahati,Assam,352162,North East,Kol001,332893,19372,Net 45,2021-01-24,2023-09-28,1573751,1,5.684931506849315,1098,0.05819287278494892,276828.4891566265
C0427,Corporate,Mining,Vadodara,Gujarat,632046,West,Hyd001,334941,5247,Net 60,2017-01-21,2022-03-22,1626332,3,9.695890410958905,1653,0.015665445556083013,167734.15654139587
C0428,Retail,Construction,Delhi,Delhi,150801,North,Del001,39509,3190,Net 60,2021-12-17,2022-08-31,245048,4,4.789041095890411,1491,0.08074109696524842,51168.48970251716
C0429,Fleet Owner,Logistics,Ahmedabad,Gujarat,212398,West,Ahm001,375146,303392,Net 45,2022-09-30,2023-11-20,3622176,3,4.002739726027397,1045,0.8087304676046126,904924.1889117043
C0430,Retail,Manufacturing,Nagpur,Maharashtra,189764,West,Kol001,10552,5942,Net 15,2016-04-16,2019-03-07,3308435,5,10.463013698630137,2764,0.5631159969673996,316202.87378895
C0431,Government,Logistics,Nagpur,Maharashtra,137213,West,Pun001,1284393,789154,Net 30,2021-07-27,2023-11-27,2814110,5,5.1808219178082195,1038,0.6144178611998041,543178.2919090427
C0432,Fleet Owner,Mining,Hyderabad,Telangana,833647,South,Hyd001,378549,339143,Net 30,2020-12-24,2021-06-07,4357607,3,5.76986301369863,1941,0.8959025119601426,755235.7811016145
C0433,Dealer,Infrastructure,Chandigarh,Punjab,603034,North,Ahm001,448175,226491,Net 60,2020-02-21,2021-01-19,121463,3,6.610958904109589,2080,0.5053628604897641,18372.9776212184
C0434,Corporate,Mining,Indore,Madhya Pradesh,234202,Central,Kol001,437713,377663,Net 15,2020-10-07,2022-02-24,4961157,4,5.983561643835617,1679,0.8628096492450532,829131.092032967
C0435,Dealer,Manufacturing,Chennai,Tamil Nadu,569102,South,Chn001,393189,129432,Net 45,2021-05-15,2021-08-16,701652,4,5.380821917808219,1871,0.3291852010102012,130398.66598778006
C0436,Fleet Owner,Logistics,Kolkata,West Bengal,459869,East,Kol001,550408,500938,Net 30,2020-08-19,2021-05-04,1822714,3,6.117808219178082,1975,0.910121219168326,297935.7859381997
C0437,Dealer,Mining,Nagpur,Maharashtra,877252,West,Hyd001,235226,34472,Net 30,2023-12-27,2024-10-01,346443,3,2.7616438356164386,729,0.1465484257692602,125448.1101190476
C0438,Corporate,Rental,Kolkata,West Bengal,987618,East,Kol001,482026,171913,Net 30,2021-09-19,2021-09-29,2716296,2,5.032876712328767,1827,0.35664673689800963,539710.4191616767
C0439,Dealer,Construction,Visakhapatnam,Andhra Pradesh,906253,South,Chn001,280679,62281,Net 30,2018-01-12,2023-03-12,4171713,5,8.72054794520548,1298,0.2218940497864108,478377.39396795473
C0440,Retail,Manufacturing,Hyderabad,Telangana,800945,South,Hyd001,17475,3995,Net 30,2021-04-23,2022-04-06,1601620,5,5.441095890410959,1638,0.22861230329041488,294356.14300100703
C0441,Dealer,Construction,Lucknow,Uttar Pradesh,616222,North,Pun001,261833,189019,Net 60,2016-05-31,2017-03-05,2798679,2,10.33972602739726,3496,0.7219067115298683,270672.45230524644
C0442,Dealer,Logistics,Kolkata,West Bengal,133465,East,Kol001,440207,114258,Net 15,2017-08-29,2017-12-31,1948504,3,9.093150684931507,3195,0.2595551638206571,214282.60319373306
C0443,Dealer,Infrastructure,Kolkata,West Bengal,256997,East,Kol001,466614,183013,Net 30,2022-04-25,2024-12-13,4120697,1,4.435616438356164,656,0.3922149785475789,929002.1031500926
C0444,Dealer,Manufacturing,Chennai,Tamil Nadu,781461,South,Chn001,403967,96858,Net 30,2022-08-26,2023-11-05,1419058,1,4.098630136986301,1060,0.23976710968965287,346227.38636363635
C0445,Government,Mining,Kolkata,West Bengal,941171,East,Kol001,1283660,253336,Net 60,2024-01-15,2024-04-10,3766110,2,2.7095890410958905,903,0.19735443964912827,1389919.2618806874
C0446,Retail,Logistics,Visakhapatnam,Andhra Pradesh,226738,South,Hyd001,25401,2338,Advance,2019-09-19,2024-08-14,3007708,1,7.035616438356165,777,0.09204362032990827,427497.43769470404
C0447,Fleet Owner,Rental,Kolkata,West Bengal,832162,East,Kol001,659733,93235,Net 15,2020-03-08,2020-09-02,336094,2,6.567123287671233,2219,0.14132232281847354,51178.268669169796
C0448,Fleet Owner,Logistics,Kolkata,West Bengal,959016,East,Kol001,796652,544307,Net 45,2018-06-29,2020-05-24,935865,4,8.26027397260274,2320,0.6832431224675266,113297.08955223882
C0449,Fleet Owner,Logistics,Surat,Gujarat,149947,West,Kol001,359802,296904,Net 45,2022-12-31,2023-12-10,261364,3,3.750684931506849,1025,0.8251871862857905,69684.33893352812
C0450,Fleet Owner,Construction,Kolkata,West Bengal,203553,East,Kol001,139226,122462,Advance,2016-01-12,2024-03-15,2837322,5,10.723287671232876,929,0.8795914556189217,264594.4123658661
C0451,Government,Manufacturing,Ranchi,Jharkhand,168405,East,Kol001,1083798,936832,Advance,2021-11-19,2023-09-20,529936,3,4.865753424657535,1106,0.8643972400761027,108911.39639639639
C0452,Fleet Owner,Mining,Hyderabad,Telangana,242679,South,Hyd001,362507,335242,Advance,2018-09-19,2022-08-24,4909073,1,8.035616438356165,1498,0.9247876592727865,610914.3010569382
C0453,Dealer,Mining,Ranchi,Jharkhand,889634,East,Chn001,158610,20082,Net 30,2017-08-01,2022-07-21,3305545,3,9.169863013698631,1532,0.12661244562133536,360479.2127278159
C0454,Government,Mining,Pune,Maharashtra,273845,West,Pun001,797861,13824,Net 15,2018-10-19,2024-05-09,1292697,3,7.953424657534247,874,0.017326326264850644,162533.38098518774
C0455,Retail,Logistics,Indore,Madhya Pradesh,290117,Central,Pun001,12300,6971,Advance,2018-09-12,2022-05-26,4201357,1,8.054794520547945,1588,0.5667479674796748,521597.0425170068
C0456,Corporate,Mining,Delhi,Delhi,646052,North,Del001,265102,71426,Advance,2015-02-13,2015-04-30,4362390,4,11.635616438356164,4171,0.2694283709666468,374916.96491641155
C0457,Retail,Manufacturing,Kolkata,West Bengal,414169,East,Kol001,16374,15438,Net 15,2017-08-16,2018-07-27,2625306,4,9.128767123287671,2987,0.9428362037376329,287586.04141656664
C0458,Dealer,Manufacturing,Ahmedabad,Gujarat,724724,West,Ahm001,162635,61520,Advance,2022-10-15,2023-11-23,999895,4,3.9616438356164383,1042,0.37827036000860825,252393.96611341633
C0459,Retail,Logistics,Ranchi,Jharkhand,788682,East,Pun001,16763,15429,Net 45,2019-12-24,2020-03-13,1977146,5,6.772602739726027,2392,0.9204199725586112,291932.965210356
C0460,Dealer,Logistics,Coimbatore,Tamil Nadu,642019,South,Del001,143749,30133,Net 60,2023-03-13,2023-03-28,3844361,1,3.5534246575342467,1282,0.2096223278074978,1081874.9151888974
C0461,Corporate,Infrastructure,Delhi,Delhi,405504,North,Del001,965128,447317,Net 45,2018-02-10,2018-05-31,525948,5,8.64109589041096,3044,0.4634794555748046,60865.89093214965
C0462,Retail,Logistics,Chennai,Tamil Nadu,592853,South,Chn001,22565,9458,Net 15,2015-07-20,2018-02-20,1592080,5,11.205479452054794,3144,0.4191446931087968,142080.48899755502
C0463,Dealer,Mining,Nagpur,Maharashtra,106100,West,Ahm001,325255,17271,Net 15,2023-09-22,2024-09-15,4726488,4,3.0246575342465754,745,0.053099875482313874,1562652.2826086956
C0464,Corporate,Infrastructure,Lucknow,Uttar Pradesh,139640,North,Ahm001,703261,194204,Net 45,2023-08-08,2024-12-07,242924,1,3.147945205479452,662,0.27614783131724924,77169.06875543951
C0465,Fleet Owner,Mining,Chennai,Tamil Nadu,981718,South,Chn001,573243,248521,Net 30,2021-11-07,2023-11-19,2678659,1,4.898630136986301,1046,0.43353516745952414,546817.9725950783
C0466,Retail,Manufacturing,Bengaluru,Karnataka,459421,South,Del001,17753,15154,Advance,2019-01-08,2022-09-19,4784563,3,7.7315068493150685,1472,0.853602208077508,618839.6509567682
C0467,Retail,Construction,Delhi,Delhi,627755,North,Del001,10621,1167,Net 15,2023-09-29,2024-04-02,4207968,5,3.0054794520547947,911,0.10987665944826287,1400098.7420237008
C0468,Fleet Owner,Rental,Hyderabad,Telangana,812177,South,Hyd001,531281,35084,Net 60,2019-07-20,2020-07-17,420080,1,7.2027397260273975,2266,0.06603661715739882,58322.25180677063
C0469,Government,Manufacturing,Chandigarh,Punjab,384322,North,Kol001,959081,324787,Net 45,2017-05-20,2020-09-16,2290260,1,9.36986301369863,2205,0.33864397271971813,244428.33333333334
C0470,Government,Mining,Chennai,Tamil Nadu,838393,South,Chn001,1219925,949663,Net 45,2016-05-16,2020-07-11,3752951,1,10.38082191780822,2272,0.7784601512388056,361527.3462655054
C0471,Fleet Owner,Logistics,Ahmedabad,Gujarat,462221,West,Ahm001,601565,128183,Advance,2017-02-24,2021-10-27,2804068,5,9.602739726027398,1799,0.2130825430335874,292007.0813124108
C0472,Dealer,Manufacturing,Coimbatore,Tamil Nadu,588960,South,Chn001,475653,77024,Net 45,2020-10-07,2022-01-20,1353266,4,5.983561643835617,1714,0.16193317397346385,226163.9606227106
C0473,Government,Rental,Chennai,Tamil Nadu,344768,South,Chn001,1339337,1213028,Net 45,2019-02-26,2024-12-18,1768551,3,7.597260273972603,651,0.9056928913335479,232787.99675441757
C0474,Government,Logistics,Pune,Maharashtra,953442,West,Pun001,697497,64747,Net 45,2022-11-30,2024-06-02,2498314,3,3.835616438356164,850,0.09282763940203327,651346.15
C0475,Fleet Owner,Construction,Kolkata,West Bengal,549466,East,Kol001,306605,272802,Net 45,2023-02-24,2024-07-18,4699729,3,3.6,804,0.8897506563819898,1305480.2777777778
C0476,Fleet Owner,Infrastructure,Delhi,Delhi,249853,North,Del001,209985,8474,Net 60,2021-08-31,2023-06-28,1741427,3,5.0849315068493155,1190,0.040355263471200324,342468.1330818965
C0477,Government,Construction,Ahmedabad,Gujarat,572082,West,Ahm001,831717,641227,Net 15,2021-01-03,2022-06-28,3994472,5,5.742465753424658,1555,0.7709677690849172,695602.2328244274
C0478,Retail,Rental,Delhi,Delhi,915301,North,Del001,15416,13473,Net 30,2019-06-16,2023-10-29,2770541,1,7.295890410958904,1067,0.8739621172807472,379739.9417949681
C0479,Retail,Construction,Mumbai,Maharashtra,695707,West,Kol001,41285,5051,Net 45,2020-10-13,2020-12-10,2887191,1,5.967123287671233,2120,0.12234467724355093,483849.7314049587
C0480,Government,Infrastructure,Mumbai,Maharashtra,962166,West,Ahm001,635943,336455,Net 45,2017-06-14,2023-09-28,1350398,3,9.301369863013699,1098,0.5290647117744829,145182.70103092783
C0481,Corporate,Logistics,Chennai,Tamil Nadu,392486,South,Chn001,437015,243932,Net 30,2016-07-19,2017-01-26,423097,5,10.205479452054794,3534,0.5581776369232178,41457.82684563759
C0482,Fleet Owner,Logistics,Kolkata,West Bengal,992993,East,Kol001,285819,265924,Net 60,2018-05-29,2024-01-18,2411675,1,8.345205479452055,986,0.9303930109614826,288989.2892317794
C0483,Corporate,Rental,Delhi,Delhi,452375,North,Del001,511858,312732,Advance,2018-10-10,2023-02-06,3214996,1,7.978082191780822,1332,0.610974137358408,402978.5508241758
C0484,Fleet Owner,Mining,Ahmedabad,Gujarat,104262,West,Ahm001,773172,383774,Net 60,2019-07-31,2020-11-23,4451737,1,7.1726027397260275,2137,0.4963630343571676,620658.5198624905
C0485,Fleet Owner,Rental,Pune,Maharashtra,625727,West,Pun001,581553,485739,Net 60,2024-08-15,2024-10-10,84905,1,2.126027397260274,720,0.8352445950755993,39935.98582474227
C0486,Government,Manufacturing,Pune,Maharashtra,244129,West,Pun001,670285,64946,Advance,2016-07-30,2023-12-08,2755167,2,10.175342465753424,1027,0.0968931126311942,270768.97011308564
C0487,Dealer,Mining,Visakhapatnam,Andhra Pradesh,414024,South,Del001,346606,25749,Net 15,2015-07-27,2019-07-24,4830357,1,11.186301369863013,2625,0.07428896210683024,431810.01836884645
C0488,Government,Construction,Chennai,Tamil Nadu,586190,South,Chn001,1281429,1043182,Advance,2017-09-05,2019-05-24,2740234,1,9.073972602739726,2686,0.8140770967412162,301988.3484299517
C0489,Fleet Owner,Rental,Chennai,Tamil Nadu,160532,South,Chn001,594359,581546,Net 30,2019-03-26,2019-04-17,4594315,5,7.52054794520548,2723,0.9784423218963623,610901.6302367941
C0490,Government,Logistics,Pune,Maharashtra,489156,West,Pun001,1262928,379981,Net 30,2021-12-26,2023-10-31,4886384,3,4.764383561643836,1065,0.3008730505618689,1025606.762507188
C0491,Dealer,Infrastructure,Chennai,Tamil Nadu,436139,South,Chn001,312699,2744,Net 60,2015-11-26,2021-05-02,4494339,1,10.852054794520548,1977,0.008775211945033402,414146.36076748295
C0492,Dealer,Rental,Ranchi,Jharkhand,287543,East,Hyd001,442676,48242,Net 60,2021-08-03,2023-04-11,639305,1,5.161643835616438,1268,0.10897812395521782,123856.86040339703
C0493,Retail,Construction,Chennai,Tamil Nadu,670988,South,Chn001,18646,17697,Advance,2015-10-12,2023-08-28,4032900,3,10.975342465753425,1129,0.9491043655475705,367450.9485771343
C0494,Corporate,Construction,Ranchi,Jharkhand,803415,East,Chn001,704926,188070,Net 45,2018-09-27,2023-03-13,1758548,2,8.013698630136986,1297,0.2667939613519717,219442.7418803419
C0495,Fleet Owner,Infrastructure,Jaipur,Rajasthan,230787,North,Ahm001,414484,135441,Net 45,2021-12-15,2024-03-13,3329745,2,4.794520547945205,931,0.32677015276826127,694489.6714285715
C0496,Government,Infrastructure,Bhubaneswar,Odisha,580062,East,Pun001,993386,256383,Net 15,2018-10-05,2019-03-17,370484,5,7.991780821917808,2754,0.25809000730833737,46358.12821391841
C0497,Government,Logistics,Chennai,Tamil Nadu,126210,South,Chn001,764082,310133,Net 45,2022-07-11,2024-03-30,4105501,3,4.2246575342465755,914,0.40588968199748193,971794.9837872892
C0498,Fleet Owner,Construction,Kolkata,West Bengal,530973,East,Kol001,502514,14738,Net 30,2017-01-31,2018-05-24,4646928,3,9.668493150684931,3051,0.029328536120386696,480625.8770189856
C0499,Corporate,Construction,Bhubaneswar,Odisha,540384,East,Pun001,598104,54844,Advance,2024-11-14,2024-12-16,2761205,5,1.8767123287671232,653,0.09169642737717855,1471299.0145985403
C0500,Corporate,Infrastructure,Kolkata,West Bengal,213087,East,Kol001,483892,363569,Net 30,2023-07-16,2024-07-13,4130766,3,3.210958904109589,809,0.751343274945649,1286458.6945392492
