product_id,line_grand_total,cum_pct,class
P015,6888215040.0,0.21243692155467264,A
P014,4813340800.0,0.36088340529649054,A
P021,2741781504.0,0.44544168620133584,A
P019,2341946624.0,0.5176688057611687,A
P004,2321772800.0,0.5892737517910436,A
P010,2097975808.0,0.6539766566161079,A
P011,1646708736.0,0.7047621986675109,A
P001,1423399040.0,0.7486607280318723,A
P030,1286584704.0,0.7883398164822076,A
P022,991156608.0,0.8189077150392904,B
P009,857210112.0,0.8453446186872369,B
P023,736587712.0,0.8680614509991793,B
P006,669935616.0,0.8887226903879649,B
P018,651270528.0,0.9088082866221391,B
P024,580386048.0,0.9267077605256719,B
P016,557339016.0,0.9438964493418316,B
P005,487001216.0,0.9589158757853506,C
P025,422374274.0,0.9719421663397829,C
P029,219374626.0,0.9787078189717088,C
P012,144168192.0,0.9831540574698877,C
P028,122565420.0,0.9869340527752979,C
P007,79506748.0,0.9893860913208226,C
P013,75422591.0,0.9917121718735745,C
P003,67383900.0,0.9937903340963306,C
P020,61526380.0,0.9956878466864141,C
P002,38522563.2,0.9968759069733072,C
P008,31055334.4,0.9978336731869745,C
P017,27966660.8,0.9986961827474361,C
P027,25872019.2,0.9994940922321626,C
P026,16403935.2,1.0,C
