year_month,product_id,quantity
2019-01,P001,513
2019-01,P002,513
2019-01,P003,537
2019-01,P004,865
2019-01,P005,607
2019-01,P006,474
2019-01,P007,517
2019-01,P008,586
2019-01,P009,578
2019-01,P010,743
2019-01,P011,747
2019-01,P012,609
2019-01,P013,563
2019-01,P014,680
2019-01,P015,756
2019-01,P016,606
2019-01,P017,671
2019-01,P018,721
2019-01,P019,786
2019-01,P020,569
2019-01,P021,707
2019-01,P022,731
2019-01,P023,846
2019-01,P024,606
2019-01,P025,543
2019-01,P026,558
2019-01,P027,534
2019-01,P028,650
2019-01,P029,682
2019-01,P030,525
2019-02,P001,429
2019-02,P002,487
2019-02,P003,656
2019-02,P004,517
2019-02,P005,566
2019-02,P006,623
2019-02,P007,612
2019-02,P008,515
2019-02,P009,465
2019-02,P010,370
2019-02,P011,552
2019-02,P012,480
2019-02,P013,445
2019-02,P014,477
2019-02,P015,598
2019-02,P016,343
2019-02,P017,565
2019-02,P018,589
2019-02,P019,487
2019-02,P020,650
2019-02,P021,486
2019-02,P022,469
2019-02,P023,536
2019-02,P024,474
2019-02,P025,406
2019-02,P026,434
2019-02,P027,441
2019-02,P028,560
2019-02,P029,567
2019-02,P030,414
2019-03,P001,642
2019-03,P002,666
2019-03,P003,601
2019-03,P004,626
2019-03,P005,662
2019-03,P006,579
2019-03,P007,779
2019-03,P008,620
2019-03,P009,801
2019-03,P010,683
2019-03,P011,462
2019-03,P012,600
2019-03,P013,768
2019-03,P014,737
2019-03,P015,654
2019-03,P016,501
2019-03,P017,735
2019-03,P018,731
2019-03,P019,608
2019-03,P020,605
2019-03,P021,782
2019-03,P022,556
2019-03,P023,655
2019-03,P024,493
2019-03,P025,805
2019-03,P026,698
2019-03,P027,691
2019-03,P028,835
2019-03,P029,602
2019-03,P030,619
2019-04,P001,549
2019-04,P002,657
2019-04,P003,646
2019-04,P004,770
2019-04,P005,643
2019-04,P006,434
2019-04,P007,525
2019-04,P008,823
2019-04,P009,587
2019-04,P010,757
2019-04,P011,759
2019-04,P012,849
2019-04,P013,613
2019-04,P014,611
2019-04,P015,649
2019-04,P016,587
2019-04,P017,554
2019-04,P018,761
2019-04,P019,494
2019-04,P020,705
2019-04,P021,803
2019-04,P022,708
2019-04,P023,714
2019-04,P024,635
2019-04,P025,688
2019-04,P026,625
2019-04,P027,559
2019-04,P028,724
2019-04,P029,572
2019-04,P030,671
2019-05,P001,748
2019-05,P002,672
2019-05,P003,852
2019-05,P004,577
2019-05,P005,650
2019-05,P006,507
2019-05,P007,601
2019-05,P008,609
2019-05,P009,690
2019-05,P010,729
2019-05,P011,652
2019-05,P012,795
2019-05,P013,729
2019-05,P014,553
2019-05,P015,693
2019-05,P016,744
2019-05,P017,852
2019-05,P018,673
2019-05,P019,621
2019-05,P020,651
2019-05,P021,672
2019-05,P022,709
2019-05,P023,532
2019-05,P024,533
2019-05,P025,672
2019-05,P026,737
2019-05,P027,689
2019-05,P028,426
2019-05,P029,768
2019-05,P030,794
2019-06,P001,732
2019-06,P002,597
2019-06,P003,542
2019-06,P004,673
2019-06,P005,675
2019-06,P006,632
2019-06,P007,777
2019-06,P008,500
2019-06,P009,745
2019-06,P010,608
2019-06,P011,686
2019-06,P012,708
2019-06,P013,501
2019-06,P014,693
2019-06,P015,503
2019-06,P016,667
2019-06,P017,666
2019-06,P018,589
2019-06,P019,611
2019-06,P020,562
2019-06,P021,625
2019-06,P022,656
2019-06,P023,461
2019-06,P024,557
2019-06,P025,679
2019-06,P026,584
2019-06,P027,537
2019-06,P028,719
2019-06,P029,675
2019-06,P030,783
2019-07,P001,860
2019-07,P002,662
2019-07,P003,692
2019-07,P004,657
2019-07,P005,776
2019-07,P006,715
2019-07,P007,563
2019-07,P008,857
2019-07,P009,669
2019-07,P010,758
2019-07,P011,645
2019-07,P012,800
2019-07,P013,473
2019-07,P014,531
2019-07,P015,790
2019-07,P016,715
2019-07,P017,653
2019-07,P018,625
2019-07,P019,835
2019-07,P020,736
2019-07,P021,715
2019-07,P022,895
2019-07,P023,598
2019-07,P024,693
2019-07,P025,731
2019-07,P026,759
2019-07,P027,747
2019-07,P028,683
2019-07,P029,854
2019-07,P030,711
2019-08,P001,622
2019-08,P002,761
2019-08,P003,578
2019-08,P004,808
2019-08,P005,622
2019-08,P006,477
2019-08,P007,687
2019-08,P008,700
2019-08,P009,808
2019-08,P010,674
2019-08,P011,742
2019-08,P012,775
2019-08,P013,671
2019-08,P014,634
2019-08,P015,665
2019-08,P016,732
2019-08,P017,726
2019-08,P018,582
2019-08,P019,808
2019-08,P020,780
2019-08,P021,597
2019-08,P022,726
2019-08,P023,808
2019-08,P024,595
2019-08,P025,691
2019-08,P026,781
2019-08,P027,786
2019-08,P028,610
2019-08,P029,655
2019-08,P030,589
2019-09,P001,580
2019-09,P002,523
2019-09,P003,584
2019-09,P004,729
2019-09,P005,615
2019-09,P006,559
2019-09,P007,668
2019-09,P008,516
2019-09,P009,460
2019-09,P010,605
2019-09,P011,634
2019-09,P012,754
2019-09,P013,684
2019-09,P014,467
2019-09,P015,501
2019-09,P016,686
2019-09,P017,450
2019-09,P018,575
2019-09,P019,652
2019-09,P020,752
2019-09,P021,649
2019-09,P022,735
2019-09,P023,669
2019-09,P024,572
2019-09,P025,523
2019-09,P026,455
2019-09,P027,531
2019-09,P028,746
2019-09,P029,614
2019-09,P030,792
2019-10,P001,654
2019-10,P002,590
2019-10,P003,561
2019-10,P004,511
2019-10,P005,642
2019-10,P006,697
2019-10,P007,627
2019-10,P008,514
2019-10,P009,590
2019-10,P010,654
2019-10,P011,651
2019-10,P012,750
2019-10,P013,631
2019-10,P014,627
2019-10,P015,662
2019-10,P016,524
2019-10,P017,727
2019-10,P018,525
2019-10,P019,643
2019-10,P020,654
2019-10,P021,685
2019-10,P022,586
2019-10,P023,664
2019-10,P024,593
2019-10,P025,440
2019-10,P026,505
2019-10,P027,622
2019-10,P028,514
2019-10,P029,544
2019-10,P030,602
2019-11,P001,587
2019-11,P002,773
2019-11,P003,669
2019-11,P004,732
2019-11,P005,520
2019-11,P006,595
2019-11,P007,664
2019-11,P008,582
2019-11,P009,661
2019-11,P010,751
2019-11,P011,574
2019-11,P012,428
2019-11,P013,585
2019-11,P014,642
2019-11,P015,571
2019-11,P016,637
2019-11,P017,563
2019-11,P018,696
2019-11,P019,539
2019-11,P020,616
2019-11,P021,625
2019-11,P022,637
2019-11,P023,522
2019-11,P024,624
2019-11,P025,749
2019-11,P026,534
2019-11,P027,716
2019-11,P028,750
2019-11,P029,701
2019-11,P030,650
2019-12,P001,586
2019-12,P002,698
2019-12,P003,561
2019-12,P004,539
2019-12,P005,623
2019-12,P006,595
2019-12,P007,531
2019-12,P008,597
2019-12,P009,643
2019-12,P010,779
2019-12,P011,697
2019-12,P012,630
2019-12,P013,589
2019-12,P014,479
2019-12,P015,506
2019-12,P016,644
2019-12,P017,534
2019-12,P018,511
2019-12,P019,658
2019-12,P020,535
2019-12,P021,481
2019-12,P022,617
2019-12,P023,560
2019-12,P024,575
2019-12,P025,550
2019-12,P026,540
2019-12,P027,503
2019-12,P028,626
2019-12,P029,591
2019-12,P030,485
2020-01,P001,777
2020-01,P002,678
2020-01,P003,476
2020-01,P004,782
2020-01,P005,598
2020-01,P006,612
2020-01,P007,584
2020-01,P008,490
2020-01,P009,610
2020-01,P010,581
2020-01,P011,583
2020-01,P012,553
2020-01,P013,570
2020-01,P014,725
2020-01,P015,550
2020-01,P016,610
2020-01,P017,530
2020-01,P018,632
2020-01,P019,574
2020-01,P020,761
2020-01,P021,545
2020-01,P022,464
2020-01,P023,656
2020-01,P024,616
2020-01,P025,664
2020-01,P026,584
2020-01,P027,485
2020-01,P028,626
2020-01,P029,652
2020-01,P030,536
2020-02,P001,450
2020-02,P002,560
2020-02,P003,679
2020-02,P004,473
2020-02,P005,482
2020-02,P006,344
2020-02,P007,622
2020-02,P008,608
2020-02,P009,643
2020-02,P010,641
2020-02,P011,523
2020-02,P012,647
2020-02,P013,536
2020-02,P014,486
2020-02,P015,593
2020-02,P016,662
2020-02,P017,610
2020-02,P018,572
2020-02,P019,615
2020-02,P020,623
2020-02,P021,430
2020-02,P022,570
2020-02,P023,672
2020-02,P024,511
2020-02,P025,698
2020-02,P026,615
2020-02,P027,702
2020-02,P028,654
2020-02,P029,527
2020-02,P030,484
2020-03,P001,608
2020-03,P002,615
2020-03,P003,594
2020-03,P004,473
2020-03,P005,515
2020-03,P006,516
2020-03,P007,635
2020-03,P008,664
2020-03,P009,591
2020-03,P010,813
2020-03,P011,562
2020-03,P012,600
2020-03,P013,775
2020-03,P014,517
2020-03,P015,684
2020-03,P016,669
2020-03,P017,526
2020-03,P018,768
2020-03,P019,799
2020-03,P020,575
2020-03,P021,559
2020-03,P022,677
2020-03,P023,629
2020-03,P024,638
2020-03,P025,667
2020-03,P026,420
2020-03,P027,838
2020-03,P028,814
2020-03,P029,721
2020-03,P030,538
2020-04,P001,663
2020-04,P002,594
2020-04,P003,505
2020-04,P004,490
2020-04,P005,544
2020-04,P006,516
2020-04,P007,605
2020-04,P008,536
2020-04,P009,526
2020-04,P010,711
2020-04,P011,620
2020-04,P012,519
2020-04,P013,464
2020-04,P014,625
2020-04,P015,607
2020-04,P016,608
2020-04,P017,669
2020-04,P018,539
2020-04,P019,561
2020-04,P020,627
2020-04,P021,522
2020-04,P022,515
2020-04,P023,523
2020-04,P024,732
2020-04,P025,744
2020-04,P026,477
2020-04,P027,705
2020-04,P028,543
2020-04,P029,638
2020-04,P030,431
2020-05,P001,745
2020-05,P002,631
2020-05,P003,833
2020-05,P004,619
2020-05,P005,892
2020-05,P006,794
2020-05,P007,582
2020-05,P008,747
2020-05,P009,878
2020-05,P010,691
2020-05,P011,898
2020-05,P012,692
2020-05,P013,644
2020-05,P014,752
2020-05,P015,562
2020-05,P016,607
2020-05,P017,588
2020-05,P018,732
2020-05,P019,732
2020-05,P020,759
2020-05,P021,756
2020-05,P022,589
2020-05,P023,809
2020-05,P024,700
2020-05,P025,533
2020-05,P026,741
2020-05,P027,695
2020-05,P028,689
2020-05,P029,663
2020-05,P030,797
2020-06,P001,525
2020-06,P002,585
2020-06,P003,522
2020-06,P004,490
2020-06,P005,660
2020-06,P006,659
2020-06,P007,673
2020-06,P008,731
2020-06,P009,609
2020-06,P010,593
2020-06,P011,675
2020-06,P012,489
2020-06,P013,431
2020-06,P014,593
2020-06,P015,681
2020-06,P016,711
2020-06,P017,742
2020-06,P018,506
2020-06,P019,492
2020-06,P020,505
2020-06,P021,677
2020-06,P022,592
2020-06,P023,381
2020-06,P024,656
2020-06,P025,540
2020-06,P026,607
2020-06,P027,690
2020-06,P028,649
2020-06,P029,690
2020-06,P030,736
2020-07,P001,811
2020-07,P002,730
2020-07,P003,841
2020-07,P004,706
2020-07,P005,825
2020-07,P006,921
2020-07,P007,823
2020-07,P008,687
2020-07,P009,853
2020-07,P010,754
2020-07,P011,688
2020-07,P012,768
2020-07,P013,792
2020-07,P014,865
2020-07,P015,709
2020-07,P016,899
2020-07,P017,905
2020-07,P018,729
2020-07,P019,716
2020-07,P020,698
2020-07,P021,766
2020-07,P022,790
2020-07,P023,701
2020-07,P024,760
2020-07,P025,876
2020-07,P026,719
2020-07,P027,851
2020-07,P028,745
2020-07,P029,783
2020-07,P030,826
2020-08,P001,825
2020-08,P002,771
2020-08,P003,973
2020-08,P004,739
2020-08,P005,787
2020-08,P006,801
2020-08,P007,761
2020-08,P008,616
2020-08,P009,697
2020-08,P010,747
2020-08,P011,542
2020-08,P012,800
2020-08,P013,959
2020-08,P014,724
2020-08,P015,763
2020-08,P016,776
2020-08,P017,808
2020-08,P018,690
2020-08,P019,772
2020-08,P020,696
2020-08,P021,615
2020-08,P022,634
2020-08,P023,844
2020-08,P024,718
2020-08,P025,823
2020-08,P026,769
2020-08,P027,741
2020-08,P028,748
2020-08,P029,806
2020-08,P030,740
2020-09,P001,545
2020-09,P002,587
2020-09,P003,639
2020-09,P004,593
2020-09,P005,628
2020-09,P006,750
2020-09,P007,571
2020-09,P008,557
2020-09,P009,654
2020-09,P010,636
2020-09,P011,770
2020-09,P012,531
2020-09,P013,661
2020-09,P014,600
2020-09,P015,627
2020-09,P016,668
2020-09,P017,615
2020-09,P018,554
2020-09,P019,605
2020-09,P020,544
2020-09,P021,696
2020-09,P022,515
2020-09,P023,644
2020-09,P024,530
2020-09,P025,588
2020-09,P026,518
2020-09,P027,535
2020-09,P028,631
2020-09,P029,631
2020-09,P030,819
2020-10,P001,467
2020-10,P002,506
2020-10,P003,611
2020-10,P004,569
2020-10,P005,655
2020-10,P006,594
2020-10,P007,745
2020-10,P008,700
2020-10,P009,552
2020-10,P010,698
2020-10,P011,696
2020-10,P012,504
2020-10,P013,422
2020-10,P014,523
2020-10,P015,690
2020-10,P016,578
2020-10,P017,658
2020-10,P018,520
2020-10,P019,534
2020-10,P020,592
2020-10,P021,574
2020-10,P022,594
2020-10,P023,578
2020-10,P024,696
2020-10,P025,605
2020-10,P026,593
2020-10,P027,604
2020-10,P028,624
2020-10,P029,647
2020-10,P030,706
2020-11,P001,616
2020-11,P002,762
2020-11,P003,702
2020-11,P004,444
2020-11,P005,599
2020-11,P006,608
2020-11,P007,720
2020-11,P008,662
2020-11,P009,668
2020-11,P010,791
2020-11,P011,627
2020-11,P012,754
2020-11,P013,559
2020-11,P014,593
2020-11,P015,577
2020-11,P016,569
2020-11,P017,787
2020-11,P018,683
2020-11,P019,848
2020-11,P020,849
2020-11,P021,561
2020-11,P022,523
2020-11,P023,641
2020-11,P024,439
2020-11,P025,769
2020-11,P026,616
2020-11,P027,462
2020-11,P028,914
2020-11,P029,599
2020-11,P030,661
2020-12,P001,558
2020-12,P002,483
2020-12,P003,512
2020-12,P004,729
2020-12,P005,634
2020-12,P006,774
2020-12,P007,612
2020-12,P008,786
2020-12,P009,867
2020-12,P010,618
2020-12,P011,720
2020-12,P012,763
2020-12,P013,533
2020-12,P014,804
2020-12,P015,591
2020-12,P016,681
2020-12,P017,797
2020-12,P018,717
2020-12,P019,872
2020-12,P020,705
2020-12,P021,885
2020-12,P022,683
2020-12,P023,528
2020-12,P024,601
2020-12,P025,709
2020-12,P026,644
2020-12,P027,507
2020-12,P028,716
2020-12,P029,541
2020-12,P030,655
2021-01,P001,541
2021-01,P002,811
2021-01,P003,527
2021-01,P004,653
2021-01,P005,804
2021-01,P006,694
2021-01,P007,672
2021-01,P008,630
2021-01,P009,556
2021-01,P010,552
2021-01,P011,643
2021-01,P012,753
2021-01,P013,644
2021-01,P014,856
2021-01,P015,670
2021-01,P016,586
2021-01,P017,556
2021-01,P018,643
2021-01,P019,693
2021-01,P020,629
2021-01,P021,628
2021-01,P022,617
2021-01,P023,742
2021-01,P024,509
2021-01,P025,585
2021-01,P026,591
2021-01,P027,653
2021-01,P028,801
2021-01,P029,697
2021-01,P030,665
2021-02,P001,538
2021-02,P002,747
2021-02,P003,627
2021-02,P004,507
2021-02,P005,620
2021-02,P006,849
2021-02,P007,547
2021-02,P008,645
2021-02,P009,453
2021-02,P010,604
2021-02,P011,469
2021-02,P012,673
2021-02,P013,658
2021-02,P014,659
2021-02,P015,687
2021-02,P016,565
2021-02,P017,572
2021-02,P018,506
2021-02,P019,649
2021-02,P020,623
2021-02,P021,750
2021-02,P022,676
2021-02,P023,533
2021-02,P024,846
2021-02,P025,711
2021-02,P026,759
2021-02,P027,713
2021-02,P028,500
2021-02,P029,755
2021-02,P030,520
2021-03,P001,534
2021-03,P002,706
2021-03,P003,573
2021-03,P004,572
2021-03,P005,608
2021-03,P006,700
2021-03,P007,549
2021-03,P008,484
2021-03,P009,586
2021-03,P010,512
2021-03,P011,707
2021-03,P012,701
2021-03,P013,518
2021-03,P014,637
2021-03,P015,614
2021-03,P016,728
2021-03,P017,519
2021-03,P018,557
2021-03,P019,542
2021-03,P020,583
2021-03,P021,528
2021-03,P022,708
2021-03,P023,606
2021-03,P024,535
2021-03,P025,726
2021-03,P026,829
2021-03,P027,582
2021-03,P028,547
2021-03,P029,649
2021-03,P030,687
2021-04,P001,712
2021-04,P002,637
2021-04,P003,566
2021-04,P004,691
2021-04,P005,641
2021-04,P006,587
2021-04,P007,678
2021-04,P008,593
2021-04,P009,559
2021-04,P010,601
2021-04,P011,680
2021-04,P012,573
2021-04,P013,559
2021-04,P014,631
2021-04,P015,650
2021-04,P016,593
2021-04,P017,670
2021-04,P018,566
2021-04,P019,556
2021-04,P020,529
2021-04,P021,714
2021-04,P022,656
2021-04,P023,515
2021-04,P024,590
2021-04,P025,631
2021-04,P026,471
2021-04,P027,620
2021-04,P028,508
2021-04,P029,693
2021-04,P030,575
2021-05,P001,632
2021-05,P002,559
2021-05,P003,530
2021-05,P004,614
2021-05,P005,756
2021-05,P006,608
2021-05,P007,530
2021-05,P008,678
2021-05,P009,541
2021-05,P010,606
2021-05,P011,568
2021-05,P012,720
2021-05,P013,714
2021-05,P014,554
2021-05,P015,521
2021-05,P016,679
2021-05,P017,545
2021-05,P018,602
2021-05,P019,541
2021-05,P020,710
2021-05,P021,924
2021-05,P022,654
2021-05,P023,549
2021-05,P024,509
2021-05,P025,559
2021-05,P026,515
2021-05,P027,536
2021-05,P028,579
2021-05,P029,574
2021-05,P030,379
2021-06,P001,497
2021-06,P002,498
2021-06,P003,609
2021-06,P004,700
2021-06,P005,617
2021-06,P006,661
2021-06,P007,666
2021-06,P008,522
2021-06,P009,514
2021-06,P010,531
2021-06,P011,567
2021-06,P012,602
2021-06,P013,779
2021-06,P014,507
2021-06,P015,683
2021-06,P016,597
2021-06,P017,671
2021-06,P018,597
2021-06,P019,674
2021-06,P020,406
2021-06,P021,433
2021-06,P022,541
2021-06,P023,590
2021-06,P024,616
2021-06,P025,531
2021-06,P026,564
2021-06,P027,715
2021-06,P028,659
2021-06,P029,644
2021-06,P030,688
2021-07,P001,574
2021-07,P002,578
2021-07,P003,424
2021-07,P004,730
2021-07,P005,492
2021-07,P006,451
2021-07,P007,713
2021-07,P008,676
2021-07,P009,711
2021-07,P010,731
2021-07,P011,623
2021-07,P012,627
2021-07,P013,518
2021-07,P014,590
2021-07,P015,491
2021-07,P016,772
2021-07,P017,573
2021-07,P018,453
2021-07,P019,569
2021-07,P020,646
2021-07,P021,691
2021-07,P022,555
2021-07,P023,668
2021-07,P024,724
2021-07,P025,652
2021-07,P026,514
2021-07,P027,891
2021-07,P028,775
2021-07,P029,564
2021-07,P030,701
2021-08,P001,727
2021-08,P002,547
2021-08,P003,747
2021-08,P004,548
2021-08,P005,646
2021-08,P006,736
2021-08,P007,721
2021-08,P008,614
2021-08,P009,585
2021-08,P010,805
2021-08,P011,656
2021-08,P012,520
2021-08,P013,752
2021-08,P014,577
2021-08,P015,639
2021-08,P016,679
2021-08,P017,612
2021-08,P018,684
2021-08,P019,764
2021-08,P020,687
2021-08,P021,671
2021-08,P022,749
2021-08,P023,497
2021-08,P024,604
2021-08,P025,640
2021-08,P026,659
2021-08,P027,713
2021-08,P028,693
2021-08,P029,551
2021-08,P030,695
2021-09,P001,628
2021-09,P002,596
2021-09,P003,623
2021-09,P004,789
2021-09,P005,467
2021-09,P006,636
2021-09,P007,659
2021-09,P008,866
2021-09,P009,714
2021-09,P010,640
2021-09,P011,455
2021-09,P012,571
2021-09,P013,384
2021-09,P014,560
2021-09,P015,654
2021-09,P016,385
2021-09,P017,543
2021-09,P018,709
2021-09,P019,659
2021-09,P020,575
2021-09,P021,619
2021-09,P022,638
2021-09,P023,808
2021-09,P024,655
2021-09,P025,760
2021-09,P026,566
2021-09,P027,469
2021-09,P028,794
2021-09,P029,709
2021-09,P030,549
2021-10,P001,732
2021-10,P002,892
2021-10,P003,888
2021-10,P004,743
2021-10,P005,854
2021-10,P006,707
2021-10,P007,902
2021-10,P008,663
2021-10,P009,804
2021-10,P010,590
2021-10,P011,784
2021-10,P012,563
2021-10,P013,599
2021-10,P014,625
2021-10,P015,580
2021-10,P016,617
2021-10,P017,816
2021-10,P018,848
2021-10,P019,779
2021-10,P020,637
2021-10,P021,613
2021-10,P022,532
2021-10,P023,681
2021-10,P024,465
2021-10,P025,745
2021-10,P026,855
2021-10,P027,650
2021-10,P028,772
2021-10,P029,763
2021-10,P030,555
2021-11,P001,643
2021-11,P002,728
2021-11,P003,749
2021-11,P004,532
2021-11,P005,767
2021-11,P006,744
2021-11,P007,711
2021-11,P008,603
2021-11,P009,682
2021-11,P010,787
2021-11,P011,551
2021-11,P012,723
2021-11,P013,697
2021-11,P014,574
2021-11,P015,657
2021-11,P016,671
2021-11,P017,787
2021-11,P018,840
2021-11,P019,514
2021-11,P020,656
2021-11,P021,728
2021-11,P022,599
2021-11,P023,528
2021-11,P024,740
2021-11,P025,564
2021-11,P026,678
2021-11,P027,740
2021-11,P028,673
2021-11,P029,653
2021-11,P030,638
2021-12,P001,743
2021-12,P002,736
2021-12,P003,697
2021-12,P004,654
2021-12,P005,549
2021-12,P006,715
2021-12,P007,794
2021-12,P008,545
2021-12,P009,682
2021-12,P010,732
2021-12,P011,763
2021-12,P012,780
2021-12,P013,692
2021-12,P014,663
2021-12,P015,769
2021-12,P016,864
2021-12,P017,630
2021-12,P018,709
2021-12,P019,617
2021-12,P020,633
2021-12,P021,787
2021-12,P022,779
2021-12,P023,746
2021-12,P024,645
2021-12,P025,788
2021-12,P026,747
2021-12,P027,655
2021-12,P028,665
2021-12,P029,568
2021-12,P030,500
2022-01,P001,606
2022-01,P002,736
2022-01,P003,628
2022-01,P004,595
2022-01,P005,813
2022-01,P006,606
2022-01,P007,487
2022-01,P008,551
2022-01,P009,626
2022-01,P010,599
2022-01,P011,692
2022-01,P012,716
2022-01,P013,768
2022-01,P014,645
2022-01,P015,546
2022-01,P016,771
2022-01,P017,739
2022-01,P018,504
2022-01,P019,716
2022-01,P020,761
2022-01,P021,742
2022-01,P022,650
2022-01,P023,634
2022-01,P024,630
2022-01,P025,554
2022-01,P026,795
2022-01,P027,717
2022-01,P028,719
2022-01,P029,791
2022-01,P030,833
2022-02,P001,595
2022-02,P002,502
2022-02,P003,579
2022-02,P004,675
2022-02,P005,420
2022-02,P006,722
2022-02,P007,558
2022-02,P008,642
2022-02,P009,455
2022-02,P010,603
2022-02,P011,482
2022-02,P012,637
2022-02,P013,606
2022-02,P014,419
2022-02,P015,728
2022-02,P016,411
2022-02,P017,478
2022-02,P018,506
2022-02,P019,664
2022-02,P020,577
2022-02,P021,474
2022-02,P022,506
2022-02,P023,584
2022-02,P024,696
2022-02,P025,483
2022-02,P026,560
2022-02,P027,518
2022-02,P028,415
2022-02,P029,575
2022-02,P030,612
2022-03,P001,688
2022-03,P002,666
2022-03,P003,513
2022-03,P004,566
2022-03,P005,441
2022-03,P006,773
2022-03,P007,889
2022-03,P008,485
2022-03,P009,593
2022-03,P010,619
2022-03,P011,693
2022-03,P012,664
2022-03,P013,597
2022-03,P014,632
2022-03,P015,819
2022-03,P016,818
2022-03,P017,584
2022-03,P018,549
2022-03,P019,525
2022-03,P020,659
2022-03,P021,677
2022-03,P022,584
2022-03,P023,370
2022-03,P024,657
2022-03,P025,686
2022-03,P026,445
2022-03,P027,555
2022-03,P028,804
2022-03,P029,709
2022-03,P030,766
2022-04,P001,637
2022-04,P002,582
2022-04,P003,660
2022-04,P004,481
2022-04,P005,600
2022-04,P006,565
2022-04,P007,628
2022-04,P008,657
2022-04,P009,569
2022-04,P010,586
2022-04,P011,742
2022-04,P012,575
2022-04,P013,674
2022-04,P014,591
2022-04,P015,633
2022-04,P016,670
2022-04,P017,554
2022-04,P018,689
2022-04,P019,556
2022-04,P020,524
2022-04,P021,581
2022-04,P022,520
2022-04,P023,632
2022-04,P024,586
2022-04,P025,490
2022-04,P026,749
2022-04,P027,673
2022-04,P028,560
2022-04,P029,603
2022-04,P030,684
2022-05,P001,803
2022-05,P002,606
2022-05,P003,703
2022-05,P004,543
2022-05,P005,616
2022-05,P006,692
2022-05,P007,729
2022-05,P008,805
2022-05,P009,687
2022-05,P010,678
2022-05,P011,631
2022-05,P012,494
2022-05,P013,720
2022-05,P014,693
2022-05,P015,701
2022-05,P016,829
2022-05,P017,688
2022-05,P018,759
2022-05,P019,630
2022-05,P020,753
2022-05,P021,890
2022-05,P022,724
2022-05,P023,598
2022-05,P024,684
2022-05,P025,634
2022-05,P026,803
2022-05,P027,675
2022-05,P028,703
2022-05,P029,761
2022-05,P030,671
2022-06,P001,634
2022-06,P002,572
2022-06,P003,611
2022-06,P004,615
2022-06,P005,586
2022-06,P006,552
2022-06,P007,599
2022-06,P008,484
2022-06,P009,439
2022-06,P010,719
2022-06,P011,662
2022-06,P012,531
2022-06,P013,578
2022-06,P014,529
2022-06,P015,599
2022-06,P016,670
2022-06,P017,614
2022-06,P018,784
2022-06,P019,594
2022-06,P020,370
2022-06,P021,679
2022-06,P022,764
2022-06,P023,600
2022-06,P024,554
2022-06,P025,562
2022-06,P026,590
2022-06,P027,484
2022-06,P028,652
2022-06,P029,672
2022-06,P030,513
2022-07,P001,635
2022-07,P002,488
2022-07,P003,650
2022-07,P004,649
2022-07,P005,536
2022-07,P006,652
2022-07,P007,682
2022-07,P008,748
2022-07,P009,657
2022-07,P010,494
2022-07,P011,479
2022-07,P012,689
2022-07,P013,430
2022-07,P014,605
2022-07,P015,590
2022-07,P016,651
2022-07,P017,504
2022-07,P018,640
2022-07,P019,626
2022-07,P020,577
2022-07,P021,603
2022-07,P022,662
2022-07,P023,706
2022-07,P024,580
2022-07,P025,727
2022-07,P026,625
2022-07,P027,507
2022-07,P028,416
2022-07,P029,653
2022-07,P030,632
2022-08,P001,662
2022-08,P002,715
2022-08,P003,676
2022-08,P004,659
2022-08,P005,754
2022-08,P006,640
2022-08,P007,608
2022-08,P008,460
2022-08,P009,750
2022-08,P010,576
2022-08,P011,787
2022-08,P012,739
2022-08,P013,600
2022-08,P014,677
2022-08,P015,713
2022-08,P016,667
2022-08,P017,642
2022-08,P018,711
2022-08,P019,719
2022-08,P020,888
2022-08,P021,583
2022-08,P022,799
2022-08,P023,671
2022-08,P024,632
2022-08,P025,783
2022-08,P026,591
2022-08,P027,696
2022-08,P028,664
2022-08,P029,529
2022-08,P030,604
2022-09,P001,576
2022-09,P002,551
2022-09,P003,638
2022-09,P004,789
2022-09,P005,597
2022-09,P006,810
2022-09,P007,681
2022-09,P008,527
2022-09,P009,689
2022-09,P010,709
2022-09,P011,535
2022-09,P012,645
2022-09,P013,608
2022-09,P014,696
2022-09,P015,563
2022-09,P016,550
2022-09,P017,680
2022-09,P018,631
2022-09,P019,592
2022-09,P020,366
2022-09,P021,666
2022-09,P022,543
2022-09,P023,649
2022-09,P024,551
2022-09,P025,534
2022-09,P026,611
2022-09,P027,626
2022-09,P028,529
2022-09,P029,681
2022-09,P030,524
2022-10,P001,680
2022-10,P002,525
2022-10,P003,586
2022-10,P004,594
2022-10,P005,657
2022-10,P006,558
2022-10,P007,594
2022-10,P008,747
2022-10,P009,580
2022-10,P010,683
2022-10,P011,773
2022-10,P012,743
2022-10,P013,665
2022-10,P014,771
2022-10,P015,702
2022-10,P016,722
2022-10,P017,591
2022-10,P018,536
2022-10,P019,581
2022-10,P020,577
2022-10,P021,636
2022-10,P022,732
2022-10,P023,678
2022-10,P024,472
2022-10,P025,550
2022-10,P026,810
2022-10,P027,763
2022-10,P028,543
2022-10,P029,590
2022-10,P030,651
2022-11,P001,492
2022-11,P002,476
2022-11,P003,623
2022-11,P004,700
2022-11,P005,347
2022-11,P006,610
2022-11,P007,690
2022-11,P008,686
2022-11,P009,673
2022-11,P010,574
2022-11,P011,767
2022-11,P012,714
2022-11,P013,632
2022-11,P014,817
2022-11,P015,570
2022-11,P016,630
2022-11,P017,595
2022-11,P018,441
2022-11,P019,451
2022-11,P020,658
2022-11,P021,655
2022-11,P022,490
2022-11,P023,476
2022-11,P024,503
2022-11,P025,538
2022-11,P026,619
2022-11,P027,509
2022-11,P028,552
2022-11,P029,680
2022-11,P030,708
2022-12,P001,710
2022-12,P002,606
2022-12,P003,546
2022-12,P004,617
2022-12,P005,551
2022-12,P006,600
2022-12,P007,791
2022-12,P008,597
2022-12,P009,585
2022-12,P010,736
2022-12,P011,518
2022-12,P012,674
2022-12,P013,598
2022-12,P014,648
2022-12,P015,521
2022-12,P016,537
2022-12,P017,619
2022-12,P018,490
2022-12,P019,713
2022-12,P020,572
2022-12,P021,744
2022-12,P022,649
2022-12,P023,514
2022-12,P024,546
2022-12,P025,538
2022-12,P026,643
2022-12,P027,713
2022-12,P028,605
2022-12,P029,640
2022-12,P030,569
2023-01,P001,631
2023-01,P002,462
2023-01,P003,613
2023-01,P004,548
2023-01,P005,507
2023-01,P006,662
2023-01,P007,550
2023-01,P008,834
2023-01,P009,596
2023-01,P010,631
2023-01,P011,509
2023-01,P012,536
2023-01,P013,502
2023-01,P014,522
2023-01,P015,539
2023-01,P016,585
2023-01,P017,511
2023-01,P018,597
2023-01,P019,489
2023-01,P020,535
2023-01,P021,642
2023-01,P022,604
2023-01,P023,507
2023-01,P024,485
2023-01,P025,762
2023-01,P026,497
2023-01,P027,477
2023-01,P028,513
2023-01,P029,675
2023-01,P030,640
2023-02,P001,631
2023-02,P002,544
2023-02,P003,593
2023-02,P004,731
2023-02,P005,586
2023-02,P006,730
2023-02,P007,561
2023-02,P008,416
2023-02,P009,477
2023-02,P010,659
2023-02,P011,735
2023-02,P012,649
2023-02,P013,708
2023-02,P014,691
2023-02,P015,504
2023-02,P016,622
2023-02,P017,430
2023-02,P018,543
2023-02,P019,588
2023-02,P020,624
2023-02,P021,491
2023-02,P022,575
2023-02,P023,633
2023-02,P024,516
2023-02,P025,522
2023-02,P026,540
2023-02,P027,392
2023-02,P028,621
2023-02,P029,590
2023-02,P030,640
2023-03,P001,791
2023-03,P002,514
2023-03,P003,697
2023-03,P004,646
2023-03,P005,782
2023-03,P006,635
2023-03,P007,690
2023-03,P008,609
2023-03,P009,570
2023-03,P010,528
2023-03,P011,651
2023-03,P012,697
2023-03,P013,672
2023-03,P014,762
2023-03,P015,727
2023-03,P016,674
2023-03,P017,688
2023-03,P018,711
2023-03,P019,880
2023-03,P020,783
2023-03,P021,610
2023-03,P022,795
2023-03,P023,831
2023-03,P024,770
2023-03,P025,794
2023-03,P026,662
2023-03,P027,600
2023-03,P028,879
2023-03,P029,590
2023-03,P030,547
2023-04,P001,626
2023-04,P002,700
2023-04,P003,674
2023-04,P004,656
2023-04,P005,741
2023-04,P006,675
2023-04,P007,577
2023-04,P008,695
2023-04,P009,763
2023-04,P010,696
2023-04,P011,660
2023-04,P012,594
2023-04,P013,527
2023-04,P014,677
2023-04,P015,882
2023-04,P016,675
2023-04,P017,544
2023-04,P018,623
2023-04,P019,708
2023-04,P020,723
2023-04,P021,596
2023-04,P022,642
2023-04,P023,711
2023-04,P024,670
2023-04,P025,720
2023-04,P026,603
2023-04,P027,686
2023-04,P028,575
2023-04,P029,567
2023-04,P030,751
2023-05,P001,453
2023-05,P002,537
2023-05,P003,658
2023-05,P004,595
2023-05,P005,564
2023-05,P006,688
2023-05,P007,703
2023-05,P008,525
2023-05,P009,623
2023-05,P010,585
2023-05,P011,661
2023-05,P012,721
2023-05,P013,517
2023-05,P014,585
2023-05,P015,585
2023-05,P016,486
2023-05,P017,716
2023-05,P018,633
2023-05,P019,511
2023-05,P020,579
2023-05,P021,584
2023-05,P022,671
2023-05,P023,498
2023-05,P024,635
2023-05,P025,665
2023-05,P026,598
2023-05,P027,612
2023-05,P028,582
2023-05,P029,627
2023-05,P030,635
2023-06,P001,638
2023-06,P002,607
2023-06,P003,577
2023-06,P004,628
2023-06,P005,687
2023-06,P006,724
2023-06,P007,606
2023-06,P008,506
2023-06,P009,589
2023-06,P010,630
2023-06,P011,642
2023-06,P012,549
2023-06,P013,507
2023-06,P014,424
2023-06,P015,619
2023-06,P016,607
2023-06,P017,565
2023-06,P018,660
2023-06,P019,666
2023-06,P020,591
2023-06,P021,785
2023-06,P022,731
2023-06,P023,531
2023-06,P024,822
2023-06,P025,574
2023-06,P026,670
2023-06,P027,816
2023-06,P028,756
2023-06,P029,651
2023-06,P030,720
2023-07,P001,640
2023-07,P002,569
2023-07,P003,638
2023-07,P004,595
2023-07,P005,777
2023-07,P006,771
2023-07,P007,602
2023-07,P008,640
2023-07,P009,553
2023-07,P010,737
2023-07,P011,483
2023-07,P012,538
2023-07,P013,695
2023-07,P014,625
2023-07,P015,588
2023-07,P016,709
2023-07,P017,597
2023-07,P018,800
2023-07,P019,543
2023-07,P020,621
2023-07,P021,620
2023-07,P022,696
2023-07,P023,546
2023-07,P024,716
2023-07,P025,542
2023-07,P026,732
2023-07,P027,562
2023-07,P028,609
2023-07,P029,539
2023-07,P030,603
2023-08,P001,570
2023-08,P002,689
2023-08,P003,759
2023-08,P004,735
2023-08,P005,714
2023-08,P006,672
2023-08,P007,585
2023-08,P008,663
2023-08,P009,706
2023-08,P010,632
2023-08,P011,609
2023-08,P012,609
2023-08,P013,633
2023-08,P014,649
2023-08,P015,758
2023-08,P016,602
2023-08,P017,550
2023-08,P018,636
2023-08,P019,712
2023-08,P020,635
2023-08,P021,537
2023-08,P022,764
2023-08,P023,540
2023-08,P024,584
2023-08,P025,735
2023-08,P026,711
2023-08,P027,648
2023-08,P028,738
2023-08,P029,545
2023-08,P030,668
2023-09,P001,697
2023-09,P002,820
2023-09,P003,619
2023-09,P004,721
2023-09,P005,718
2023-09,P006,822
2023-09,P007,680
2023-09,P008,835
2023-09,P009,640
2023-09,P010,925
2023-09,P011,660
2023-09,P012,732
2023-09,P013,557
2023-09,P014,591
2023-09,P015,668
2023-09,P016,416
2023-09,P017,749
2023-09,P018,753
2023-09,P019,732
2023-09,P020,826
2023-09,P021,628
2023-09,P022,754
2023-09,P023,726
2023-09,P024,614
2023-09,P025,732
2023-09,P026,753
2023-09,P027,644
2023-09,P028,730
2023-09,P029,749
2023-09,P030,600
2023-10,P001,652
2023-10,P002,471
2023-10,P003,742
2023-10,P004,613
2023-10,P005,653
2023-10,P006,595
2023-10,P007,597
2023-10,P008,575
2023-10,P009,649
2023-10,P010,721
2023-10,P011,738
2023-10,P012,611
2023-10,P013,615
2023-10,P014,622
2023-10,P015,643
2023-10,P016,733
2023-10,P017,644
2023-10,P018,556
2023-10,P019,564
2023-10,P020,659
2023-10,P021,521
2023-10,P022,546
2023-10,P023,600
2023-10,P024,449
2023-10,P025,515
2023-10,P026,524
2023-10,P027,669
2023-10,P028,560
2023-10,P029,672
2023-10,P030,508
2023-11,P001,647
2023-11,P002,574
2023-11,P003,668
2023-11,P004,597
2023-11,P005,546
2023-11,P006,551
2023-11,P007,670
2023-11,P008,522
2023-11,P009,519
2023-11,P010,648
2023-11,P011,730
2023-11,P012,591
2023-11,P013,621
2023-11,P014,522
2023-11,P015,570
2023-11,P016,630
2023-11,P017,551
2023-11,P018,696
2023-11,P019,796
2023-11,P020,627
2023-11,P021,596
2023-11,P022,633
2023-11,P023,678
2023-11,P024,429
2023-11,P025,528
2023-11,P026,612
2023-11,P027,603
2023-11,P028,561
2023-11,P029,535
2023-11,P030,551
2023-12,P001,639
2023-12,P002,572
2023-12,P003,620
2023-12,P004,533
2023-12,P005,612
2023-12,P006,588
2023-12,P007,612
2023-12,P008,667
2023-12,P009,635
2023-12,P010,598
2023-12,P011,646
2023-12,P012,650
2023-12,P013,605
2023-12,P014,562
2023-12,P015,562
2023-12,P016,730
2023-12,P017,656
2023-12,P018,572
2023-12,P019,964
2023-12,P020,522
2023-12,P021,540
2023-12,P022,594
2023-12,P023,748
2023-12,P024,710
2023-12,P025,568
2023-12,P026,596
2023-12,P027,584
2023-12,P028,564
2023-12,P029,741
2023-12,P030,418
2024-01,P001,600
2024-01,P002,729
2024-01,P003,732
2024-01,P004,706
2024-01,P005,651
2024-01,P006,812
2024-01,P007,700
2024-01,P008,583
2024-01,P009,538
2024-01,P010,622
2024-01,P011,686
2024-01,P012,685
2024-01,P013,609
2024-01,P014,648
2024-01,P015,700
2024-01,P016,594
2024-01,P017,670
2024-01,P018,779
2024-01,P019,569
2024-01,P020,605
2024-01,P021,708
2024-01,P022,732
2024-01,P023,587
2024-01,P024,567
2024-01,P025,556
2024-01,P026,628
2024-01,P027,662
2024-01,P028,632
2024-01,P029,754
2024-01,P030,877
2024-02,P001,636
2024-02,P002,691
2024-02,P003,696
2024-02,P004,629
2024-02,P005,638
2024-02,P006,726
2024-02,P007,603
2024-02,P008,685
2024-02,P009,554
2024-02,P010,597
2024-02,P011,639
2024-02,P012,521
2024-02,P013,632
2024-02,P014,657
2024-02,P015,536
2024-02,P016,551
2024-02,P017,624
2024-02,P018,479
2024-02,P019,607
2024-02,P020,561
2024-02,P021,734
2024-02,P022,613
2024-02,P023,677
2024-02,P024,539
2024-02,P025,655
2024-02,P026,623
2024-02,P027,653
2024-02,P028,476
2024-02,P029,638
2024-02,P030,573
2024-03,P001,489
2024-03,P002,675
2024-03,P003,682
2024-03,P004,478
2024-03,P005,488
2024-03,P006,652
2024-03,P007,556
2024-03,P008,655
2024-03,P009,639
2024-03,P010,570
2024-03,P011,719
2024-03,P012,544
2024-03,P013,626
2024-03,P014,606
2024-03,P015,498
2024-03,P016,809
2024-03,P017,630
2024-03,P018,576
2024-03,P019,580
2024-03,P020,600
2024-03,P021,800
2024-03,P022,655
2024-03,P023,594
2024-03,P024,871
2024-03,P025,728
2024-03,P026,687
2024-03,P027,657
2024-03,P028,663
2024-03,P029,833
2024-03,P030,591
2024-04,P001,544
2024-04,P002,761
2024-04,P003,466
2024-04,P004,405
2024-04,P005,516
2024-04,P006,688
2024-04,P007,499
2024-04,P008,640
2024-04,P009,527
2024-04,P010,564
2024-04,P011,587
2024-04,P012,598
2024-04,P013,580
2024-04,P014,815
2024-04,P015,503
2024-04,P016,429
2024-04,P017,539
2024-04,P018,483
2024-04,P019,488
2024-04,P020,534
2024-04,P021,585
2024-04,P022,518
2024-04,P023,560
2024-04,P024,759
2024-04,P025,529
2024-04,P026,548
2024-04,P027,599
2024-04,P028,523
2024-04,P029,675
2024-04,P030,521
2024-05,P001,592
2024-05,P002,562
2024-05,P003,582
2024-05,P004,589
2024-05,P005,579
2024-05,P006,565
2024-05,P007,677
2024-05,P008,673
2024-05,P009,606
2024-05,P010,680
2024-05,P011,625
2024-05,P012,603
2024-05,P013,577
2024-05,P014,586
2024-05,P015,629
2024-05,P016,502
2024-05,P017,664
2024-05,P018,544
2024-05,P019,492
2024-05,P020,629
2024-05,P021,403
2024-05,P022,625
2024-05,P023,586
2024-05,P024,674
2024-05,P025,528
2024-05,P026,366
2024-05,P027,791
2024-05,P028,532
2024-05,P029,571
2024-05,P030,682
2024-06,P001,682
2024-06,P002,679
2024-06,P003,575
2024-06,P004,606
2024-06,P005,686
2024-06,P006,553
2024-06,P007,599
2024-06,P008,768
2024-06,P009,655
2024-06,P010,684
2024-06,P011,655
2024-06,P012,714
2024-06,P013,598
2024-06,P014,463
2024-06,P015,652
2024-06,P016,722
2024-06,P017,668
2024-06,P018,608
2024-06,P019,517
2024-06,P020,548
2024-06,P021,890
2024-06,P022,519
2024-06,P023,691
2024-06,P024,596
2024-06,P025,697
2024-06,P026,625
2024-06,P027,549
2024-06,P028,697
2024-06,P029,732
2024-06,P030,641
2024-07,P001,534
2024-07,P002,631
2024-07,P003,567
2024-07,P004,832
2024-07,P005,439
2024-07,P006,678
2024-07,P007,666
2024-07,P008,609
2024-07,P009,573
2024-07,P010,702
2024-07,P011,617
2024-07,P012,606
2024-07,P013,632
2024-07,P014,642
2024-07,P015,486
2024-07,P016,747
2024-07,P017,569
2024-07,P018,588
2024-07,P019,640
2024-07,P020,668
2024-07,P021,642
2024-07,P022,419
2024-07,P023,549
2024-07,P024,690
2024-07,P025,585
2024-07,P026,588
2024-07,P027,572
2024-07,P028,725
2024-07,P029,666
2024-07,P030,732
2024-08,P001,612
2024-08,P002,778
2024-08,P003,469
2024-08,P004,526
2024-08,P005,693
2024-08,P006,748
2024-08,P007,733
2024-08,P008,714
2024-08,P009,632
2024-08,P010,646
2024-08,P011,543
2024-08,P012,650
2024-08,P013,587
2024-08,P014,585
2024-08,P015,538
2024-08,P016,883
2024-08,P017,801
2024-08,P018,580
2024-08,P019,566
2024-08,P020,739
2024-08,P021,632
2024-08,P022,749
2024-08,P023,597
2024-08,P024,688
2024-08,P025,490
2024-08,P026,669
2024-08,P027,665
2024-08,P028,485
2024-08,P029,648
2024-08,P030,840
2024-09,P001,733
2024-09,P002,584
2024-09,P003,805
2024-09,P004,704
2024-09,P005,613
2024-09,P006,701
2024-09,P007,636
2024-09,P008,495
2024-09,P009,750
2024-09,P010,572
2024-09,P011,792
2024-09,P012,447
2024-09,P013,602
2024-09,P014,714
2024-09,P015,696
2024-09,P016,688
2024-09,P017,692
2024-09,P018,778
2024-09,P019,730
2024-09,P020,655
2024-09,P021,537
2024-09,P022,587
2024-09,P023,729
2024-09,P024,581
2024-09,P025,563
2024-09,P026,636
2024-09,P027,750
2024-09,P028,601
2024-09,P029,777
2024-09,P030,652
2024-10,P001,712
2024-10,P002,607
2024-10,P003,701
2024-10,P004,743
2024-10,P005,445
2024-10,P006,783
2024-10,P007,689
2024-10,P008,536
2024-10,P009,595
2024-10,P010,756
2024-10,P011,666
2024-10,P012,618
2024-10,P013,563
2024-10,P014,713
2024-10,P015,797
2024-10,P016,690
2024-10,P017,777
2024-10,P018,588
2024-10,P019,649
2024-10,P020,571
2024-10,P021,607
2024-10,P022,711
2024-10,P023,502
2024-10,P024,562
2024-10,P025,677
2024-10,P026,649
2024-10,P027,661
2024-10,P028,566
2024-10,P029,668
2024-10,P030,723
2024-11,P001,611
2024-11,P002,715
2024-11,P003,653
2024-11,P004,671
2024-11,P005,598
2024-11,P006,541
2024-11,P007,518
2024-11,P008,666
2024-11,P009,518
2024-11,P010,516
2024-11,P011,797
2024-11,P012,513
2024-11,P013,630
2024-11,P014,692
2024-11,P015,427
2024-11,P016,671
2024-11,P017,569
2024-11,P018,585
2024-11,P019,552
2024-11,P020,649
2024-11,P021,702
2024-11,P022,735
2024-11,P023,620
2024-11,P024,533
2024-11,P025,654
2024-11,P026,548
2024-11,P027,636
2024-11,P028,580
2024-11,P029,568
2024-11,P030,794
2024-12,P001,718
2024-12,P002,710
2024-12,P003,559
2024-12,P004,761
2024-12,P005,634
2024-12,P006,527
2024-12,P007,597
2024-12,P008,754
2024-12,P009,504
2024-12,P010,413
2024-12,P011,630
2024-12,P012,571
2024-12,P013,698
2024-12,P014,588
2024-12,P015,633
2024-12,P016,465
2024-12,P017,461
2024-12,P018,485
2024-12,P019,642
2024-12,P020,511
2024-12,P021,545
2024-12,P022,453
2024-12,P023,450
2024-12,P024,486
2024-12,P025,615
2024-12,P026,677
2024-12,P027,646
2024-12,P028,672
2024-12,P029,628
2024-12,P030,507
