product_id,quantity,current_stock,inventory_turnover
P001,45389,107330.66666666667,0.4228893885562374
P002,45342,109168.66666666667,0.41533895562218703
P003,45684,108352.5,0.4216238665466879
P004,45575,106480.33333333333,0.4280133107522203
P005,45026,109803.33333333333,0.4100604110379163
P006,46731,107859.0,0.4332600895613718
P007,46468,109470.5,0.4244796543360997
P008,45376,104115.66666666667,0.43582297893048433
P009,44946,105323.5,0.42674236993643394
P010,46964,110208.0,0.4261396631823461
P011,46612,108398.16666666667,0.430007272570723
P012,45972,110517.83333333333,0.41596906683235135
P013,44081,105763.33333333333,0.41678905732925714
P014,45035,110277.16666666667,0.4083800968166574
P015,45222,105430.5,0.42892711312191445
P016,46306,105660.0,0.43825477948135527
P017,45578,109844.33333333333,0.4149326471096977
P018,45027,108409.16666666667,0.4153431059796604
P019,45971,103708.16666666667,0.44327270915662376
P020,45340,104211.0,0.4350788304497606
P021,46364,105102.83333333333,0.4411298775643537
P022,45819,107891.33333333333,0.4246772987635708
P023,44437,110253.33333333333,0.40304450356754146
P024,44022,109364.66666666667,0.40252488616067345
P025,45598,108630.16666666667,0.4197544880872563
P026,44844,105219.33333333333,0.42619543936792353
P027,45678,105165.16666666667,0.4343453393154577
P028,46164,104041.0,0.44370969137167077
P029,47066,105829.66666666667,0.44473351832661917
P030,45897,105381.66666666667,0.43553116449730345
