product_id,total_units_sold,total_revenue
P015,45222,6888215040.0
P014,45035,4813340800.0
P021,46364,2741781504.0
P019,45971,2341946624.0
P004,45575,2321772800.0
P010,46964,2097975808.0
P011,46612,1646708736.0
P001,45389,1423399040.0
P030,45897,1286584704.0
P022,45819,991156608.0
P009,44946,857210112.0
P023,44437,736587712.0
P006,46731,669935616.0
P018,45027,651270528.0
P024,44022,580386048.0
P016,46306,557339016.0
P005,45026,487001216.0
P025,45598,422374274.0
P029,47066,219374626.0
P012,45972,144168192.0
P028,46164,122565420.0
P007,46468,79506748.0
P013,44081,75422591.0
P003,45684,67383900.0
P020,45340,61526380.0
P002,45342,38522563.2
P008,45376,31055334.4
P017,45578,27966660.8
P027,45678,25872019.2
P026,44844,16403935.2
