product_id,branch_id,opening_stock,reorder_level_x,safety_stock_x,max_stock,current_stock,warehouse_bin,stock_availability_pct,reorder_flag,safety_breach,product_name,category,machine_type,brand,model_compatibility,unit_cost,unit_price,margin_percentage,gst_rate,weight_kg,dimensions_cm,material_type,warranty_months,reorder_level_y,safety_stock_y,max_stock_level,lead_time_days,criticality_level,usage_frequency,uom,last_purchase_price,last_purchase_date,length_cm,width_cm,height_cm,margin_amount,gst_amount,landed_price,volume_cm3,stock_buffer_pct,lead_time_risk_flag,branch_name,city,state,region,warehouse_type,warehouse_capacity,service_center_available,manager_id,total_employees,avg_monthly_revenue,monthly_operational_cost,market_demand_index,revenue_per_sqft,cost_revenue_ratio,stock_health
P001,DEL001,196,59,46,340,115928,C15,340.9647058823529,0,0,Hydraulic Pump Hp-300,Hydraulic,Excavator,Cat,Cat 320D,18950,24500,29.2,28,38.5,40X25X25,Steel,12,15,10,40,21,High,Medium,piece,18500,2019-03-15,40,25,25,5550,6860.000000000001,31360.0,25000,0.25,1,Delhi Central,Delhi,Delhi,North,Central,45230,1,9593,92,5234890,3189000,9,115.73933230156976,0.6091818548240746,Overstock
P001,PUN001,198,70,43,349,109389,D16,313.4355300859599,0,0,Hydraulic Pump Hp-300,Hydraulic,Excavator,Cat,Cat 320D,18950,24500,29.2,28,38.5,40X25X25,Steel,12,15,10,40,21,High,Medium,piece,18500,2019-03-15,40,25,25,5550,6860.000000000001,31360.0,25000,0.25,1,Pune Distribution,Pune,Maharashtra,West,Regional,38750,1,6114,74,4389120,2654000,8,113.2676129032258,0.6046770195392243,Overstock
P001,CHN001,187,62,44,311,99373,A11,319.5273311897106,0,0,Hydraulic Pump Hp-300,Hydraulic,Excavator,Cat,Cat 320D,18950,24500,29.2,28,38.5,40X25X25,Steel,12,15,10,40,21,High,Medium,piece,18500,2019-03-15,40,25,25,5550,6860.000000000001,31360.0,25000,0.25,1,Chennai South Hub,Chennai,Tamil Nadu,South,Regional,41890,1,7922,81,4567780,2739000,8,109.04225352112675,0.5996348335515284,Overstock
P001,HYD001,226,71,65,417,108772,A10,260.84412470023983,0,0,Hydraulic Pump Hp-300,Hydraulic,Excavator,Cat,Cat 320D,18950,24500,29.2,28,38.5,40X25X25,Steel,12,15,10,40,21,High,Medium,piece,18500,2019-03-15,40,25,25,5550,6860.000000000001,31360.0,25000,0.25,1,Hyderabad Logistics,Hyderabad,Telangana,South,Branch,36210,0,4390,57,3102455,1887000,7,85.67950842308754,0.6082280000838046,Overstock
P001,KOL001,263,94,58,475,103808,F03,218.54315789473685,0,0,Hydraulic Pump Hp-300,Hydraulic,Excavator,Cat,Cat 320D,18950,24500,29.2,28,38.5,40X25X25,Steel,12,15,10,40,21,High,Medium,piece,18500,2019-03-15,40,25,25,5550,6860.000000000001,31360.0,25000,0.25,1,Kolkata East Depot,Kolkata,West Bengal,East,Branch,29880,0,5981,49,2894770,1743000,6,96.87985274431058,0.60212037571206,Overstock
P001,AHM001,236,77,53,455,106714,C20,234.5362637362637,0,0,Hydraulic Pump Hp-300,Hydraulic,Excavator,Cat,Cat 320D,18950,24500,29.2,28,38.5,40X25X25,Steel,12,15,10,40,21,High,Medium,piece,18500,2019-03-15,40,25,25,5550,6860.000000000001,31360.0,25000,0.25,1,Ahmedabad West Hub,Ahmedabad,Gujarat,West,Service Hub,34120,1,4772,63,3245890,2018000,7,95.13159437280189,0.6217093000687023,Overstock
P002,DEL001,166,57,35,261,108628,A06,416.1992337164751,0,0,Engine Oil Filter Of-90,Filters,Loader,Jcb,Jcb 3Dx,450,720,37.3,18,0.4,10X8X8,Paper,6,80,40,200,7,Medium,High,piece,430,2019-07-22,10,8,8,270,129.6,849.6,640,0.2,0,Delhi Central,Delhi,Delhi,North,Central,45230,1,9593,92,5234890,3189000,9,115.73933230156976,0.6091818548240746,Overstock
P002,PUN001,113,41,27,180,101623,E01,564.5722222222222,0,0,Engine Oil Filter Of-90,Filters,Loader,Jcb,Jcb 3Dx,450,720,37.3,18,0.4,10X8X8,Paper,6,80,40,200,7,Medium,High,piece,430,2019-07-22,10,8,8,270,129.6,849.6,640,0.2,0,Pune Distribution,Pune,Maharashtra,West,Regional,38750,1,6114,74,4389120,2654000,8,113.2676129032258,0.6046770195392243,Overstock
P002,CHN001,267,102,76,465,105885,B04,227.70967741935485,0,0,Engine Oil Filter Of-90,Filters,Loader,Jcb,Jcb 3Dx,450,720,37.3,18,0.4,10X8X8,Paper,6,80,40,200,7,Medium,High,piece,430,2019-07-22,10,8,8,270,129.6,849.6,640,0.2,0,Chennai South Hub,Chennai,Tamil Nadu,South,Regional,41890,1,7922,81,4567780,2739000,8,109.04225352112675,0.5996348335515284,Overstock
P002,HYD001,219,78,64,383,121013,A02,315.9608355091384,0,0,Engine Oil Filter Of-90,Filters,Loader,Jcb,Jcb 3Dx,450,720,37.3,18,0.4,10X8X8,Paper,6,80,40,200,7,Medium,High,piece,430,2019-07-22,10,8,8,270,129.6,849.6,640,0.2,0,Hyderabad Logistics,Hyderabad,Telangana,South,Branch,36210,0,4390,57,3102455,1887000,7,85.67950842308754,0.6082280000838046,Overstock
P002,KOL001,288,105,73,511,107584,F18,210.5362035225049,0,0,Engine Oil Filter Of-90,Filters,Loader,Jcb,Jcb 3Dx,450,720,37.3,18,0.4,10X8X8,Paper,6,80,40,200,7,Medium,High,piece,430,2019-07-22,10,8,8,270,129.6,849.6,640,0.2,0,Kolkata East Depot,Kolkata,West Bengal,East,Branch,29880,0,5981,49,2894770,1743000,6,96.87985274431058,0.60212037571206,Overstock
P002,AHM001,102,36,27,179,110279,E04,616.0837988826815,0,0,Engine Oil Filter Of-90,Filters,Loader,Jcb,Jcb 3Dx,450,720,37.3,18,0.4,10X8X8,Paper,6,80,40,200,7,Medium,High,piece,430,2019-07-22,10,8,8,270,129.6,849.6,640,0.2,0,Ahmedabad West Hub,Ahmedabad,Gujarat,West,Service Hub,34120,1,4772,63,3245890,2018000,7,95.13159437280189,0.6217093000687023,Overstock
P003,DEL001,113,44,31,190,104884,B07,552.021052631579,0,0,Air Filter Af-120,Filters,Excavator,Komatsu,Komatsu Pc210,820,1250,52.4,18,0.8,18X12X12,Synthetic,6,60,30,150,7,Medium,High,piece,800,2020-01-10,18,12,12,430,225.0,1475.0,2592,0.2,0,Delhi Central,Delhi,Delhi,North,Central,45230,1,9593,92,5234890,3189000,9,115.73933230156976,0.6091818548240746,Overstock
P003,PUN001,218,72,44,359,118139,F09,329.07799442896936,0,0,Air Filter Af-120,Filters,Excavator,Komatsu,Komatsu Pc210,820,1250,52.4,18,0.8,18X12X12,Synthetic,6,60,30,150,7,Medium,High,piece,800,2020-01-10,18,12,12,430,225.0,1475.0,2592,0.2,0,Pune Distribution,Pune,Maharashtra,West,Regional,38750,1,6114,74,4389120,2654000,8,113.2676129032258,0.6046770195392243,Overstock
P003,CHN001,191,62,39,365,107840,C09,295.45205479452056,0,0,Air Filter Af-120,Filters,Excavator,Komatsu,Komatsu Pc210,820,1250,52.4,18,0.8,18X12X12,Synthetic,6,60,30,150,7,Medium,High,piece,800,2020-01-10,18,12,12,430,225.0,1475.0,2592,0.2,0,Chennai South Hub,Chennai,Tamil Nadu,South,Regional,41890,1,7922,81,4567780,2739000,8,109.04225352112675,0.5996348335515284,Overstock
P003,HYD001,272,95,72,422,106658,E12,252.7440758293839,0,0,Air Filter Af-120,Filters,Excavator,Komatsu,Komatsu Pc210,820,1250,52.4,18,0.8,18X12X12,Synthetic,6,60,30,150,7,Medium,High,piece,800,2020-01-10,18,12,12,430,225.0,1475.0,2592,0.2,0,Hyderabad Logistics,Hyderabad,Telangana,South,Branch,36210,0,4390,57,3102455,1887000,7,85.67950842308754,0.6082280000838046,Overstock
P003,KOL001,234,80,52,386,110093,D02,285.2150259067358,0,0,Air Filter Af-120,Filters,Excavator,Komatsu,Komatsu Pc210,820,1250,52.4,18,0.8,18X12X12,Synthetic,6,60,30,150,7,Medium,High,piece,800,2020-01-10,18,12,12,430,225.0,1475.0,2592,0.2,0,Kolkata East Depot,Kolkata,West Bengal,East,Branch,29880,0,5981,49,2894770,1743000,6,96.87985274431058,0.60212037571206,Overstock
P003,AHM001,238,82,48,475,102501,C06,215.7915789473684,0,0,Air Filter Af-120,Filters,Excavator,Komatsu,Komatsu Pc210,820,1250,52.4,18,0.8,18X12X12,Synthetic,6,60,30,150,7,Medium,High,piece,800,2020-01-10,18,12,12,430,225.0,1475.0,2592,0.2,0,Ahmedabad West Hub,Ahmedabad,Gujarat,West,Service Hub,34120,1,4772,63,3245890,2018000,7,95.13159437280189,0.6217093000687023,Overstock
P004,DEL001,172,57,35,267,110145,A14,412.5280898876405,0,0,Track Chain Tc-45,Undercarriage,Bulldozer,Volvo,Volvo D6,32500,39800,22.5,28,210.0,180X40X35,Steel,18,8,4,20,30,High,Low,set,32000,2020-06-18,180,40,35,7300,11144.000000000002,50944.0,252000,0.2,1,Delhi Central,Delhi,Delhi,North,Central,45230,1,9593,92,5234890,3189000,9,115.73933230156976,0.6091818548240746,Overstock
P004,PUN001,171,55,37,265,104859,E16,395.6943396226415,0,0,Track Chain Tc-45,Undercarriage,Bulldozer,Volvo,Volvo D6,32500,39800,22.5,28,210.0,180X40X35,Steel,18,8,4,20,30,High,Low,set,32000,2020-06-18,180,40,35,7300,11144.000000000002,50944.0,252000,0.2,1,Pune Distribution,Pune,Maharashtra,West,Regional,38750,1,6114,74,4389120,2654000,8,113.2676129032258,0.6046770195392243,Overstock
P004,CHN001,171,58,41,339,103984,A15,306.73746312684364,0,0,Track Chain Tc-45,Undercarriage,Bulldozer,Volvo,Volvo D6,32500,39800,22.5,28,210.0,180X40X35,Steel,18,8,4,20,30,High,Low,set,32000,2020-06-18,180,40,35,7300,11144.000000000002,50944.0,252000,0.2,1,Chennai South Hub,Chennai,Tamil Nadu,South,Regional,41890,1,7922,81,4567780,2739000,8,109.04225352112675,0.5996348335515284,Overstock
P004,HYD001,193,62,49,363,109943,D18,302.8732782369146,0,0,Track Chain Tc-45,Undercarriage,Bulldozer,Volvo,Volvo D6,32500,39800,22.5,28,210.0,180X40X35,Steel,18,8,4,20,30,High,Low,set,32000,2020-06-18,180,40,35,7300,11144.000000000002,50944.0,252000,0.2,1,Hyderabad Logistics,Hyderabad,Telangana,South,Branch,36210,0,4390,57,3102455,1887000,7,85.67950842308754,0.6082280000838046,Overstock
P004,KOL001,115,44,33,187,110042,B06,588.4598930481284,0,0,Track Chain Tc-45,Undercarriage,Bulldozer,Volvo,Volvo D6,32500,39800,22.5,28,210.0,180X40X35,Steel,18,8,4,20,30,High,Low,set,32000,2020-06-18,180,40,35,7300,11144.000000000002,50944.0,252000,0.2,1,Kolkata East Depot,Kolkata,West Bengal,East,Branch,29880,0,5981,49,2894770,1743000,6,96.87985274431058,0.60212037571206,Overstock
P004,AHM001,273,104,77,430,99909,C08,232.34651162790692,0,0,Track Chain Tc-45,Undercarriage,Bulldozer,Volvo,Volvo D6,32500,39800,22.5,28,210.0,180X40X35,Steel,18,8,4,20,30,High,Low,set,32000,2020-06-18,180,40,35,7300,11144.000000000002,50944.0,252000,0.2,1,Ahmedabad West Hub,Ahmedabad,Gujarat,West,Service Hub,34120,1,4772,63,3245890,2018000,7,95.13159437280189,0.6217093000687023,Overstock
P005,DEL001,242,94,63,463,110862,E03,239.4427645788337,0,0,Fuel Injector Fi-220,Engine,Excavator,Tata Hitachi,Tata Hitachi Ex 200,6350,8450,33.0,28,1.2,20X12X12,Alloy,12,30,15,80,18,High,Medium,piece,6200,2020-11-05,20,12,12,2100,2366.0,10816.0,2880,0.1875,0,Delhi Central,Delhi,Delhi,North,Central,45230,1,9593,92,5234890,3189000,9,115.73933230156976,0.6091818548240746,Overstock
P005,PUN001,262,89,76,436,108488,B10,248.8256880733945,0,0,Fuel Injector Fi-220,Engine,Excavator,Tata Hitachi,Tata Hitachi Ex 200,6350,8450,33.0,28,1.2,20X12X12,Alloy,12,30,15,80,18,High,Medium,piece,6200,2020-11-05,20,12,12,2100,2366.0,10816.0,2880,0.1875,0,Pune Distribution,Pune,Maharashtra,West,Regional,38750,1,6114,74,4389120,2654000,8,113.2676129032258,0.6046770195392243,Overstock
P005,CHN001,172,68,40,336,114267,E05,340.0803571428572,0,0,Fuel Injector Fi-220,Engine,Excavator,Tata Hitachi,Tata Hitachi Ex 200,6350,8450,33.0,28,1.2,20X12X12,Alloy,12,30,15,80,18,High,Medium,piece,6200,2020-11-05,20,12,12,2100,2366.0,10816.0,2880,0.1875,0,Chennai South Hub,Chennai,Tamil Nadu,South,Regional,41890,1,7922,81,4567780,2739000,8,109.04225352112675,0.5996348335515284,Overstock
P005,HYD001,178,62,51,341,112865,C13,330.9824046920821,0,0,Fuel Injector Fi-220,Engine,Excavator,Tata Hitachi,Tata Hitachi Ex 200,6350,8450,33.0,28,1.2,20X12X12,Alloy,12,30,15,80,18,High,Medium,piece,6200,2020-11-05,20,12,12,2100,2366.0,10816.0,2880,0.1875,0,Hyderabad Logistics,Hyderabad,Telangana,South,Branch,36210,0,4390,57,3102455,1887000,7,85.67950842308754,0.6082280000838046,Overstock
P005,KOL001,215,83,43,357,104202,B19,291.88235294117646,0,0,Fuel Injector Fi-220,Engine,Excavator,Tata Hitachi,Tata Hitachi Ex 200,6350,8450,33.0,28,1.2,20X12X12,Alloy,12,30,15,80,18,High,Medium,piece,6200,2020-11-05,20,12,12,2100,2366.0,10816.0,2880,0.1875,0,Kolkata East Depot,Kolkata,West Bengal,East,Branch,29880,0,5981,49,2894770,1743000,6,96.87985274431058,0.60212037571206,Overstock
P005,AHM001,106,37,29,175,108136,B06,617.92,0,0,Fuel Injector Fi-220,Engine,Excavator,Tata Hitachi,Tata Hitachi Ex 200,6350,8450,33.0,28,1.2,20X12X12,Alloy,12,30,15,80,18,High,Medium,piece,6200,2020-11-05,20,12,12,2100,2366.0,10816.0,2880,0.1875,0,Ahmedabad West Hub,Ahmedabad,Gujarat,West,Service Hub,34120,1,4772,63,3245890,2018000,7,95.13159437280189,0.6217093000687023,Overstock
P006,DEL001,131,43,26,234,99358,B09,424.6068376068376,0,0,Alternator Alt-500,Electrical,Loader,Cat,Cat 950H,8650,11200,29.5,28,9.5,30X20X20,Alloy,12,12,6,30,20,High,Medium,piece,8400,2021-02-14,30,20,20,2550,3136.0000000000005,14336.0,12000,0.2,1,Delhi Central,Delhi,Delhi,North,Central,45230,1,9593,92,5234890,3189000,9,115.73933230156976,0.6091818548240746,Overstock
P006,PUN001,210,69,43,356,111016,F02,311.8426966292135,0,0,Alternator Alt-500,Electrical,Loader,Cat,Cat 950H,8650,11200,29.5,28,9.5,30X20X20,Alloy,12,12,6,30,20,High,Medium,piece,8400,2021-02-14,30,20,20,2550,3136.0000000000005,14336.0,12000,0.2,1,Pune Distribution,Pune,Maharashtra,West,Regional,38750,1,6114,74,4389120,2654000,8,113.2676129032258,0.6046770195392243,Overstock
P006,CHN001,119,41,31,181,110681,D03,611.4972375690608,0,0,Alternator Alt-500,Electrical,Loader,Cat,Cat 950H,8650,11200,29.5,28,9.5,30X20X20,Alloy,12,12,6,30,20,High,Medium,piece,8400,2021-02-14,30,20,20,2550,3136.0000000000005,14336.0,12000,0.2,1,Chennai South Hub,Chennai,Tamil Nadu,South,Regional,41890,1,7922,81,4567780,2739000,8,109.04225352112675,0.5996348335515284,Overstock
P006,HYD001,275,84,62,472,109564,F19,232.1271186440678,0,0,Alternator Alt-500,Electrical,Loader,Cat,Cat 950H,8650,11200,29.5,28,9.5,30X20X20,Alloy,12,12,6,30,20,High,Medium,piece,8400,2021-02-14,30,20,20,2550,3136.0000000000005,14336.0,12000,0.2,1,Hyderabad Logistics,Hyderabad,Telangana,South,Branch,36210,0,4390,57,3102455,1887000,7,85.67950842308754,0.6082280000838046,Overstock
P006,KOL001,105,33,28,181,109176,B13,603.182320441989,0,0,Alternator Alt-500,Electrical,Loader,Cat,Cat 950H,8650,11200,29.5,28,9.5,30X20X20,Alloy,12,12,6,30,20,High,Medium,piece,8400,2021-02-14,30,20,20,2550,3136.0000000000005,14336.0,12000,0.2,1,Kolkata East Depot,Kolkata,West Bengal,East,Branch,29880,0,5981,49,2894770,1743000,6,96.87985274431058,0.60212037571206,Overstock
P006,AHM001,170,62,43,291,107359,A01,368.9312714776632,0,0,Alternator Alt-500,Electrical,Loader,Cat,Cat 950H,8650,11200,29.5,28,9.5,30X20X20,Alloy,12,12,6,30,20,High,Medium,piece,8400,2021-02-14,30,20,20,2550,3136.0000000000005,14336.0,12000,0.2,1,Ahmedabad West Hub,Ahmedabad,Gujarat,West,Service Hub,34120,1,4772,63,3245890,2018000,7,95.13159437280189,0.6217093000687023,Overstock
P007,DEL001,205,79,59,383,119439,C04,311.85117493472586,0,0,Hydraulic Hose Hh-60,Hydraulic,Crane,Jcb,Jcb 160,980,1450,48.0,18,1.1,90X4X4,Rubber,6,70,35,200,10,Medium,High,piece,950,2021-05-27,90,4,4,470,261.0,1711.0,1440,0.175,0,Delhi Central,Delhi,Delhi,North,Central,45230,1,9593,92,5234890,3189000,9,115.73933230156976,0.6091818548240746,Overstock
P007,PUN001,231,72,58,459,110464,C08,240.66230936819173,0,0,Hydraulic Hose Hh-60,Hydraulic,Crane,Jcb,Jcb 160,980,1450,48.0,18,1.1,90X4X4,Rubber,6,70,35,200,10,Medium,High,piece,950,2021-05-27,90,4,4,470,261.0,1711.0,1440,0.175,0,Pune Distribution,Pune,Maharashtra,West,Regional,38750,1,6114,74,4389120,2654000,8,113.2676129032258,0.6046770195392243,Overstock
P007,CHN001,230,77,46,434,108692,E17,250.44239631336404,0,0,Hydraulic Hose Hh-60,Hydraulic,Crane,Jcb,Jcb 160,980,1450,48.0,18,1.1,90X4X4,Rubber,6,70,35,200,10,Medium,High,piece,950,2021-05-27,90,4,4,470,261.0,1711.0,1440,0.175,0,Chennai South Hub,Chennai,Tamil Nadu,South,Regional,41890,1,7922,81,4567780,2739000,8,109.04225352112675,0.5996348335515284,Overstock
P007,HYD001,298,93,61,548,112543,C16,205.3704379562044,0,0,Hydraulic Hose Hh-60,Hydraulic,Crane,Jcb,Jcb 160,980,1450,48.0,18,1.1,90X4X4,Rubber,6,70,35,200,10,Medium,High,piece,950,2021-05-27,90,4,4,470,261.0,1711.0,1440,0.175,0,Hyderabad Logistics,Hyderabad,Telangana,South,Branch,36210,0,4390,57,3102455,1887000,7,85.67950842308754,0.6082280000838046,Overstock
P007,KOL001,273,93,62,438,99463,C03,227.0844748858448,0,0,Hydraulic Hose Hh-60,Hydraulic,Crane,Jcb,Jcb 160,980,1450,48.0,18,1.1,90X4X4,Rubber,6,70,35,200,10,Medium,High,piece,950,2021-05-27,90,4,4,470,261.0,1711.0,1440,0.175,0,Kolkata East Depot,Kolkata,West Bengal,East,Branch,29880,0,5981,49,2894770,1743000,6,96.87985274431058,0.60212037571206,Overstock
P007,AHM001,146,50,38,267,106222,C13,397.8352059925094,0,0,Hydraulic Hose Hh-60,Hydraulic,Crane,Jcb,Jcb 160,980,1450,48.0,18,1.1,90X4X4,Rubber,6,70,35,200,10,Medium,High,piece,950,2021-05-27,90,4,4,470,261.0,1711.0,1440,0.175,0,Ahmedabad West Hub,Ahmedabad,Gujarat,West,Service Hub,34120,1,4772,63,3245890,2018000,7,95.13159437280189,0.6217093000687023,Overstock
P008,DEL001,298,116,69,572,106667,C16,186.48076923076923,0,0,Bucket Tooth Bt-10,Attachments,Excavator,Komatsu,Komatsu Pc130,340,580,70.6,18,0.3,12X6X4,Steel,6,120,60,300,12,Low,High,piece,320,2021-08-09,12,6,4,240,104.4,684.4,288,0.2,0,Delhi Central,Delhi,Delhi,North,Central,45230,1,9593,92,5234890,3189000,9,115.73933230156976,0.6091818548240746,Overstock
P008,PUN001,86,33,17,147,99151,D12,674.4965986394558,0,0,Bucket Tooth Bt-10,Attachments,Excavator,Komatsu,Komatsu Pc130,340,580,70.6,18,0.3,12X6X4,Steel,6,120,60,300,12,Low,High,piece,320,2021-08-09,12,6,4,240,104.4,684.4,288,0.2,0,Pune Distribution,Pune,Maharashtra,West,Regional,38750,1,6114,74,4389120,2654000,8,113.2676129032258,0.6046770195392243,Overstock
P008,CHN001,265,104,75,477,108381,A08,227.21383647798743,0,0,Bucket Tooth Bt-10,Attachments,Excavator,Komatsu,Komatsu Pc130,340,580,70.6,18,0.3,12X6X4,Steel,6,120,60,300,12,Low,High,piece,320,2021-08-09,12,6,4,240,104.4,684.4,288,0.2,0,Chennai South Hub,Chennai,Tamil Nadu,South,Regional,41890,1,7922,81,4567780,2739000,8,109.04225352112675,0.5996348335515284,Overstock
P008,HYD001,270,93,75,467,101753,A08,217.8865096359743,0,0,Bucket Tooth Bt-10,Attachments,Excavator,Komatsu,Komatsu Pc130,340,580,70.6,18,0.3,12X6X4,Steel,6,120,60,300,12,Low,High,piece,320,2021-08-09,12,6,4,240,104.4,684.4,288,0.2,0,Hyderabad Logistics,Hyderabad,Telangana,South,Branch,36210,0,4390,57,3102455,1887000,7,85.67950842308754,0.6082280000838046,Overstock
P008,KOL001,135,43,30,262,99461,D04,379.62213740458014,0,0,Bucket Tooth Bt-10,Attachments,Excavator,Komatsu,Komatsu Pc130,340,580,70.6,18,0.3,12X6X4,Steel,6,120,60,300,12,Low,High,piece,320,2021-08-09,12,6,4,240,104.4,684.4,288,0.2,0,Kolkata East Depot,Kolkata,West Bengal,East,Branch,29880,0,5981,49,2894770,1743000,6,96.87985274431058,0.60212037571206,Overstock
P008,AHM001,259,85,57,430,109281,D10,254.14186046511628,0,0,Bucket Tooth Bt-10,Attachments,Excavator,Komatsu,Komatsu Pc130,340,580,70.6,18,0.3,12X6X4,Steel,6,120,60,300,12,Low,High,piece,320,2021-08-09,12,6,4,240,104.4,684.4,288,0.2,0,Ahmedabad West Hub,Ahmedabad,Gujarat,West,Service Hub,34120,1,4772,63,3245890,2018000,7,95.13159437280189,0.6217093000687023,Overstock
P009,DEL001,147,57,32,261,102816,D10,393.9310344827586,0,0,Starter Motor Sm-700,Electrical,Dumper,Volvo,Volvo A40,11450,14900,30.1,28,11.0,32X18X18,Alloy,12,10,5,25,22,High,Medium,piece,11000,2021-11-30,32,18,18,3450,4172.0,19072.0,10368,0.2,1,Delhi Central,Delhi,Delhi,North,Central,45230,1,9593,92,5234890,3189000,9,115.73933230156976,0.6091818548240746,Overstock
P009,PUN001,186,56,37,345,111320,F09,322.6666666666667,0,0,Starter Motor Sm-700,Electrical,Dumper,Volvo,Volvo A40,11450,14900,30.1,28,11.0,32X18X18,Alloy,12,10,5,25,22,High,Medium,piece,11000,2021-11-30,32,18,18,3450,4172.0,19072.0,10368,0.2,1,Pune Distribution,Pune,Maharashtra,West,Regional,38750,1,6114,74,4389120,2654000,8,113.2676129032258,0.6046770195392243,Overstock
P009,CHN001,226,89,53,387,111456,D11,288.0,0,0,Starter Motor Sm-700,Electrical,Dumper,Volvo,Volvo A40,11450,14900,30.1,28,11.0,32X18X18,Alloy,12,10,5,25,22,High,Medium,piece,11000,2021-11-30,32,18,18,3450,4172.0,19072.0,10368,0.2,1,Chennai South Hub,Chennai,Tamil Nadu,South,Regional,41890,1,7922,81,4567780,2739000,8,109.04225352112675,0.5996348335515284,Overstock
P009,HYD001,282,101,82,436,100071,D03,229.52064220183487,0,0,Starter Motor Sm-700,Electrical,Dumper,Volvo,Volvo A40,11450,14900,30.1,28,11.0,32X18X18,Alloy,12,10,5,25,22,High,Medium,piece,11000,2021-11-30,32,18,18,3450,4172.0,19072.0,10368,0.2,1,Hyderabad Logistics,Hyderabad,Telangana,South,Branch,36210,0,4390,57,3102455,1887000,7,85.67950842308754,0.6082280000838046,Overstock
P009,KOL001,104,35,25,201,110547,E10,549.9850746268656,0,0,Starter Motor Sm-700,Electrical,Dumper,Volvo,Volvo A40,11450,14900,30.1,28,11.0,32X18X18,Alloy,12,10,5,25,22,High,Medium,piece,11000,2021-11-30,32,18,18,3450,4172.0,19072.0,10368,0.2,1,Kolkata East Depot,Kolkata,West Bengal,East,Branch,29880,0,5981,49,2894770,1743000,6,96.87985274431058,0.60212037571206,Overstock
P009,AHM001,183,61,44,333,95731,B15,287.4804804804805,0,0,Starter Motor Sm-700,Electrical,Dumper,Volvo,Volvo A40,11450,14900,30.1,28,11.0,32X18X18,Alloy,12,10,5,25,22,High,Medium,piece,11000,2021-11-30,32,18,18,3450,4172.0,19072.0,10368,0.2,1,Ahmedabad West Hub,Ahmedabad,Gujarat,West,Service Hub,34120,1,4772,63,3245890,2018000,7,95.13159437280189,0.6217093000687023,Overstock
P010,DEL001,133,43,37,220,106895,D11,485.8863636363636,0,0,Turbocharger Tb-900,Engine,Excavator,Cat,Cat 336D,28900,34900,20.8,28,16.5,40X25X25,Alloy,18,6,3,15,28,High,Medium,piece,28000,2022-03-12,40,25,25,6000,9772.000000000002,44672.0,25000,0.2,1,Delhi Central,Delhi,Delhi,North,Central,45230,1,9593,92,5234890,3189000,9,115.73933230156976,0.6091818548240746,Overstock
P010,PUN001,159,48,45,267,114565,D20,429.0823970037453,0,0,Turbocharger Tb-900,Engine,Excavator,Cat,Cat 336D,28900,34900,20.8,28,16.5,40X25X25,Alloy,18,6,3,15,28,High,Medium,piece,28000,2022-03-12,40,25,25,6000,9772.000000000002,44672.0,25000,0.2,1,Pune Distribution,Pune,Maharashtra,West,Regional,38750,1,6114,74,4389120,2654000,8,113.2676129032258,0.6046770195392243,Overstock
P010,CHN001,120,44,29,191,113425,B09,593.848167539267,0,0,Turbocharger Tb-900,Engine,Excavator,Cat,Cat 336D,28900,34900,20.8,28,16.5,40X25X25,Alloy,18,6,3,15,28,High,Medium,piece,28000,2022-03-12,40,25,25,6000,9772.000000000002,44672.0,25000,0.2,1,Chennai South Hub,Chennai,Tamil Nadu,South,Regional,41890,1,7922,81,4567780,2739000,8,109.04225352112675,0.5996348335515284,Overstock
P010,HYD001,171,62,46,307,110225,F12,359.0390879478828,0,0,Turbocharger Tb-900,Engine,Excavator,Cat,Cat 336D,28900,34900,20.8,28,16.5,40X25X25,Alloy,18,6,3,15,28,High,Medium,piece,28000,2022-03-12,40,25,25,6000,9772.000000000002,44672.0,25000,0.2,1,Hyderabad Logistics,Hyderabad,Telangana,South,Branch,36210,0,4390,57,3102455,1887000,7,85.67950842308754,0.6082280000838046,Overstock
P010,KOL001,179,61,46,294,100989,A13,343.5,0,0,Turbocharger Tb-900,Engine,Excavator,Cat,Cat 336D,28900,34900,20.8,28,16.5,40X25X25,Alloy,18,6,3,15,28,High,Medium,piece,28000,2022-03-12,40,25,25,6000,9772.000000000002,44672.0,25000,0.2,1,Kolkata East Depot,Kolkata,West Bengal,East,Branch,29880,0,5981,49,2894770,1743000,6,96.87985274431058,0.60212037571206,Overstock
P010,AHM001,128,43,27,245,115149,C09,469.9959183673469,0,0,Turbocharger Tb-900,Engine,Excavator,Cat,Cat 336D,28900,34900,20.8,28,16.5,40X25X25,Alloy,18,6,3,15,28,High,Medium,piece,28000,2022-03-12,40,25,25,6000,9772.000000000002,44672.0,25000,0.2,1,Ahmedabad West Hub,Ahmedabad,Gujarat,West,Service Hub,34120,1,4772,63,3245890,2018000,7,95.13159437280189,0.6217093000687023,Overstock
P011,DEL001,243,85,64,369,112300,B01,304.3360433604336,0,0,Hydraulic Cylinder Hc-200,Hydraulic,Excavator,Tata Hitachi,Tata Hitachi Ex 210,21500,27600,28.4,28,42.0,120X18X18,Steel,12,10,5,25,24,High,Medium,piece,21000,2022-06-25,120,18,18,6100,7728.000000000001,35328.0,38880,0.2,1,Delhi Central,Delhi,Delhi,North,Central,45230,1,9593,92,5234890,3189000,9,115.73933230156976,0.6091818548240746,Overstock
P011,PUN001,86,31,20,138,108691,F06,787.6159420289855,0,0,Hydraulic Cylinder Hc-200,Hydraulic,Excavator,Tata Hitachi,Tata Hitachi Ex 210,21500,27600,28.4,28,42.0,120X18X18,Steel,12,10,5,25,24,High,Medium,piece,21000,2022-06-25,120,18,18,6100,7728.000000000001,35328.0,38880,0.2,1,Pune Distribution,Pune,Maharashtra,West,Regional,38750,1,6114,74,4389120,2654000,8,113.2676129032258,0.6046770195392243,Overstock
P011,CHN001,155,50,32,233,110667,E15,474.9656652360515,0,0,Hydraulic Cylinder Hc-200,Hydraulic,Excavator,Tata Hitachi,Tata Hitachi Ex 210,21500,27600,28.4,28,42.0,120X18X18,Steel,12,10,5,25,24,High,Medium,piece,21000,2022-06-25,120,18,18,6100,7728.000000000001,35328.0,38880,0.2,1,Chennai South Hub,Chennai,Tamil Nadu,South,Regional,41890,1,7922,81,4567780,2739000,8,109.04225352112675,0.5996348335515284,Overstock
P011,HYD001,148,46,41,244,107771,B01,441.6844262295082,0,0,Hydraulic Cylinder Hc-200,Hydraulic,Excavator,Tata Hitachi,Tata Hitachi Ex 210,21500,27600,28.4,28,42.0,120X18X18,Steel,12,10,5,25,24,High,Medium,piece,21000,2022-06-25,120,18,18,6100,7728.000000000001,35328.0,38880,0.2,1,Hyderabad Logistics,Hyderabad,Telangana,South,Branch,36210,0,4390,57,3102455,1887000,7,85.67950842308754,0.6082280000838046,Overstock
P011,KOL001,300,113,68,582,109669,B08,188.4347079037801,0,0,Hydraulic Cylinder Hc-200,Hydraulic,Excavator,Tata Hitachi,Tata Hitachi Ex 210,21500,27600,28.4,28,42.0,120X18X18,Steel,12,10,5,25,24,High,Medium,piece,21000,2022-06-25,120,18,18,6100,7728.000000000001,35328.0,38880,0.2,1,Kolkata East Depot,Kolkata,West Bengal,East,Branch,29880,0,5981,49,2894770,1743000,6,96.87985274431058,0.60212037571206,Overstock
P011,AHM001,211,66,50,410,101291,D13,247.0512195121952,0,0,Hydraulic Cylinder Hc-200,Hydraulic,Excavator,Tata Hitachi,Tata Hitachi Ex 210,21500,27600,28.4,28,42.0,120X18X18,Steel,12,10,5,25,24,High,Medium,piece,21000,2022-06-25,120,18,18,6100,7728.000000000001,35328.0,38880,0.2,1,Ahmedabad West Hub,Ahmedabad,Gujarat,West,Service Hub,34120,1,4772,63,3245890,2018000,7,95.13159437280189,0.6217093000687023,Overstock
P012,DEL001,257,98,67,489,119923,D13,245.24130879345603,0,0,Brake Pad Bp-40,Brakes,Loader,Jcb,Jcb 430Zx,1800,2450,36.1,28,3.2,20X12X10,Composite,6,40,20,120,10,Medium,Medium,set,1750,2022-09-08,20,12,10,650,686.0000000000001,3136.0,2400,0.1666666666666666,0,Delhi Central,Delhi,Delhi,North,Central,45230,1,9593,92,5234890,3189000,9,115.73933230156976,0.6091818548240746,Overstock
P012,PUN001,177,68,52,308,112603,B05,365.5941558441559,0,0,Brake Pad Bp-40,Brakes,Loader,Jcb,Jcb 430Zx,1800,2450,36.1,28,3.2,20X12X10,Composite,6,40,20,120,10,Medium,Medium,set,1750,2022-09-08,20,12,10,650,686.0000000000001,3136.0,2400,0.1666666666666666,0,Pune Distribution,Pune,Maharashtra,West,Regional,38750,1,6114,74,4389120,2654000,8,113.2676129032258,0.6046770195392243,Overstock
P012,CHN001,155,54,32,274,107886,A16,393.7445255474453,0,0,Brake Pad Bp-40,Brakes,Loader,Jcb,Jcb 430Zx,1800,2450,36.1,28,3.2,20X12X10,Composite,6,40,20,120,10,Medium,Medium,set,1750,2022-09-08,20,12,10,650,686.0000000000001,3136.0,2400,0.1666666666666666,0,Chennai South Hub,Chennai,Tamil Nadu,South,Regional,41890,1,7922,81,4567780,2739000,8,109.04225352112675,0.5996348335515284,Overstock
P012,HYD001,128,42,28,241,106209,F04,440.701244813278,0,0,Brake Pad Bp-40,Brakes,Loader,Jcb,Jcb 430Zx,1800,2450,36.1,28,3.2,20X12X10,Composite,6,40,20,120,10,Medium,Medium,set,1750,2022-09-08,20,12,10,650,686.0000000000001,3136.0,2400,0.1666666666666666,0,Hyderabad Logistics,Hyderabad,Telangana,South,Branch,36210,0,4390,57,3102455,1887000,7,85.67950842308754,0.6082280000838046,Overstock
P012,KOL001,188,67,51,368,109625,F17,297.89402173913044,0,0,Brake Pad Bp-40,Brakes,Loader,Jcb,Jcb 430Zx,1800,2450,36.1,28,3.2,20X12X10,Composite,6,40,20,120,10,Medium,Medium,set,1750,2022-09-08,20,12,10,650,686.0000000000001,3136.0,2400,0.1666666666666666,0,Kolkata East Depot,Kolkata,West Bengal,East,Branch,29880,0,5981,49,2894770,1743000,6,96.87985274431058,0.60212037571206,Overstock
P012,AHM001,103,32,24,156,106861,F11,685.0064102564103,0,0,Brake Pad Bp-40,Brakes,Loader,Jcb,Jcb 430Zx,1800,2450,36.1,28,3.2,20X12X10,Composite,6,40,20,120,10,Medium,Medium,set,1750,2022-09-08,20,12,10,650,686.0000000000001,3136.0,2400,0.1666666666666666,0,Ahmedabad West Hub,Ahmedabad,Gujarat,West,Service Hub,34120,1,4772,63,3245890,2018000,7,95.13159437280189,0.6217093000687023,Overstock
P013,DEL001,126,48,27,249,108520,E18,435.82329317269074,0,0,Seal Kit Sk-15,Seals,Excavator,Cat,Cat 320D,950,1450,52.6,18,0.6,15X10X6,Rubber,6,80,40,200,9,Medium,High,set,920,2022-12-19,15,10,6,500,261.0,1711.0,900,0.2,0,Delhi Central,Delhi,Delhi,North,Central,45230,1,9593,92,5234890,3189000,9,115.73933230156976,0.6091818548240746,Overstock
P013,PUN001,80,25,16,133,104221,F04,783.6165413533835,0,0,Seal Kit Sk-15,Seals,Excavator,Cat,Cat 320D,950,1450,52.6,18,0.6,15X10X6,Rubber,6,80,40,200,9,Medium,High,set,920,2022-12-19,15,10,6,500,261.0,1711.0,900,0.2,0,Pune Distribution,Pune,Maharashtra,West,Regional,38750,1,6114,74,4389120,2654000,8,113.2676129032258,0.6046770195392243,Overstock
P013,CHN001,156,56,45,307,106476,D08,346.8273615635179,0,0,Seal Kit Sk-15,Seals,Excavator,Cat,Cat 320D,950,1450,52.6,18,0.6,15X10X6,Rubber,6,80,40,200,9,Medium,High,set,920,2022-12-19,15,10,6,500,261.0,1711.0,900,0.2,0,Chennai South Hub,Chennai,Tamil Nadu,South,Regional,41890,1,7922,81,4567780,2739000,8,109.04225352112675,0.5996348335515284,Overstock
P013,HYD001,233,86,52,412,111295,D06,270.13349514563106,0,0,Seal Kit Sk-15,Seals,Excavator,Cat,Cat 320D,950,1450,52.6,18,0.6,15X10X6,Rubber,6,80,40,200,9,Medium,High,set,920,2022-12-19,15,10,6,500,261.0,1711.0,900,0.2,0,Hyderabad Logistics,Hyderabad,Telangana,South,Branch,36210,0,4390,57,3102455,1887000,7,85.67950842308754,0.6082280000838046,Overstock
P013,KOL001,129,44,26,233,105381,F03,452.27896995708153,0,0,Seal Kit Sk-15,Seals,Excavator,Cat,Cat 320D,950,1450,52.6,18,0.6,15X10X6,Rubber,6,80,40,200,9,Medium,High,set,920,2022-12-19,15,10,6,500,261.0,1711.0,900,0.2,0,Kolkata East Depot,Kolkata,West Bengal,East,Branch,29880,0,5981,49,2894770,1743000,6,96.87985274431058,0.60212037571206,Overstock
P013,AHM001,84,25,22,150,98687,E04,657.9133333333333,0,0,Seal Kit Sk-15,Seals,Excavator,Cat,Cat 320D,950,1450,52.6,18,0.6,15X10X6,Rubber,6,80,40,200,9,Medium,High,set,920,2022-12-19,15,10,6,500,261.0,1711.0,900,0.2,0,Ahmedabad West Hub,Ahmedabad,Gujarat,West,Service Hub,34120,1,4772,63,3245890,2018000,7,95.13159437280189,0.6217093000687023,Overstock
P014,DEL001,203,72,44,384,111321,B15,289.8984375,0,0,Transmission Assembly Ta-800,Transmission,Bulldozer,Volvo,Volvo D8,68500,83500,21.8,28,260.0,190X60X55,Steel,24,4,2,12,35,High,Low,set,67000,2023-03-05,190,60,55,15000,23380.000000000004,106880.0,627000,0.1666666666666666,1,Delhi Central,Delhi,Delhi,North,Central,45230,1,9593,92,5234890,3189000,9,115.73933230156976,0.6091818548240746,Overstock
P014,PUN001,87,33,20,164,113386,E17,691.3780487804878,0,0,Transmission Assembly Ta-800,Transmission,Bulldozer,Volvo,Volvo D8,68500,83500,21.8,28,260.0,190X60X55,Steel,24,4,2,12,35,High,Low,set,67000,2023-03-05,190,60,55,15000,23380.000000000004,106880.0,627000,0.1666666666666666,1,Pune Distribution,Pune,Maharashtra,West,Regional,38750,1,6114,74,4389120,2654000,8,113.2676129032258,0.6046770195392243,Overstock
P014,CHN001,157,60,40,303,114302,F14,377.2343234323432,0,0,Transmission Assembly Ta-800,Transmission,Bulldozer,Volvo,Volvo D8,68500,83500,21.8,28,260.0,190X60X55,Steel,24,4,2,12,35,High,Low,set,67000,2023-03-05,190,60,55,15000,23380.000000000004,106880.0,627000,0.1666666666666666,1,Chennai South Hub,Chennai,Tamil Nadu,South,Regional,41890,1,7922,81,4567780,2739000,8,109.04225352112675,0.5996348335515284,Overstock
P014,HYD001,200,71,50,377,111315,C17,295.2652519893899,0,0,Transmission Assembly Ta-800,Transmission,Bulldozer,Volvo,Volvo D8,68500,83500,21.8,28,260.0,190X60X55,Steel,24,4,2,12,35,High,Low,set,67000,2023-03-05,190,60,55,15000,23380.000000000004,106880.0,627000,0.1666666666666666,1,Hyderabad Logistics,Hyderabad,Telangana,South,Branch,36210,0,4390,57,3102455,1887000,7,85.67950842308754,0.6082280000838046,Overstock
P014,KOL001,268,106,60,519,105994,D06,204.2273603082852,0,0,Transmission Assembly Ta-800,Transmission,Bulldozer,Volvo,Volvo D8,68500,83500,21.8,28,260.0,190X60X55,Steel,24,4,2,12,35,High,Low,set,67000,2023-03-05,190,60,55,15000,23380.000000000004,106880.0,627000,0.1666666666666666,1,Kolkata East Depot,Kolkata,West Bengal,East,Branch,29880,0,5981,49,2894770,1743000,6,96.87985274431058,0.60212037571206,Overstock
P014,AHM001,108,32,27,171,105345,E07,616.0526315789474,0,0,Transmission Assembly Ta-800,Transmission,Bulldozer,Volvo,Volvo D8,68500,83500,21.8,28,260.0,190X60X55,Steel,24,4,2,12,35,High,Low,set,67000,2023-03-05,190,60,55,15000,23380.000000000004,106880.0,627000,0.1666666666666666,1,Ahmedabad West Hub,Ahmedabad,Gujarat,West,Service Hub,34120,1,4772,63,3245890,2018000,7,95.13159437280189,0.6217093000687023,Overstock
P015,DEL001,223,75,60,387,100967,E12,260.8966408268734,0,0,Engine Block Eb-600,Engine,Excavator,Komatsu,Komatsu Pc300,95500,119000,24.6,28,320.0,160X70X65,Cast Iron,24,3,2,8,40,High,Low,piece,94000,2023-06-17,160,70,65,23500,33320.0,152320.0,728000,0.25,1,Delhi Central,Delhi,Delhi,North,Central,45230,1,9593,92,5234890,3189000,9,115.73933230156976,0.6091818548240746,Overstock
P015,PUN001,134,43,34,210,106048,A13,504.9904761904762,0,0,Engine Block Eb-600,Engine,Excavator,Komatsu,Komatsu Pc300,95500,119000,24.6,28,320.0,160X70X65,Cast Iron,24,3,2,8,40,High,Low,piece,94000,2023-06-17,160,70,65,23500,33320.0,152320.0,728000,0.25,1,Pune Distribution,Pune,Maharashtra,West,Regional,38750,1,6114,74,4389120,2654000,8,113.2676129032258,0.6046770195392243,Overstock
P015,CHN001,239,91,57,370,113851,C20,307.70540540540543,0,0,Engine Block Eb-600,Engine,Excavator,Komatsu,Komatsu Pc300,95500,119000,24.6,28,320.0,160X70X65,Cast Iron,24,3,2,8,40,High,Low,piece,94000,2023-06-17,160,70,65,23500,33320.0,152320.0,728000,0.25,1,Chennai South Hub,Chennai,Tamil Nadu,South,Regional,41890,1,7922,81,4567780,2739000,8,109.04225352112675,0.5996348335515284,Overstock
P015,HYD001,149,56,43,226,110035,A16,486.8805309734513,0,0,Engine Block Eb-600,Engine,Excavator,Komatsu,Komatsu Pc300,95500,119000,24.6,28,320.0,160X70X65,Cast Iron,24,3,2,8,40,High,Low,piece,94000,2023-06-17,160,70,65,23500,33320.0,152320.0,728000,0.25,1,Hyderabad Logistics,Hyderabad,Telangana,South,Branch,36210,0,4390,57,3102455,1887000,7,85.67950842308754,0.6082280000838046,Overstock
P015,KOL001,292,116,81,508,96547,B18,190.0531496062992,0,0,Engine Block Eb-600,Engine,Excavator,Komatsu,Komatsu Pc300,95500,119000,24.6,28,320.0,160X70X65,Cast Iron,24,3,2,8,40,High,Low,piece,94000,2023-06-17,160,70,65,23500,33320.0,152320.0,728000,0.25,1,Kolkata East Depot,Kolkata,West Bengal,East,Branch,29880,0,5981,49,2894770,1743000,6,96.87985274431058,0.60212037571206,Overstock
P015,AHM001,85,28,24,131,105135,A13,802.5572519083969,0,0,Engine Block Eb-600,Engine,Excavator,Komatsu,Komatsu Pc300,95500,119000,24.6,28,320.0,160X70X65,Cast Iron,24,3,2,8,40,High,Low,piece,94000,2023-06-17,160,70,65,23500,33320.0,152320.0,728000,0.25,1,Ahmedabad West Hub,Ahmedabad,Gujarat,West,Service Hub,34120,1,4772,63,3245890,2018000,7,95.13159437280189,0.6217093000687023,Overstock
P016,DEL001,242,84,66,434,104189,A02,240.0668202764977,0,0,Radiator Rd-250,Cooling,Loader,Jcb,Jcb 3Dx,7800,10200,30.8,18,18.0,90X40X20,Copper,12,20,10,60,16,Medium,Medium,piece,7600,2023-09-28,90,40,20,2400,1836.0,12036.0,72000,0.1666666666666666,0,Delhi Central,Delhi,Delhi,North,Central,45230,1,9593,92,5234890,3189000,9,115.73933230156976,0.6091818548240746,Overstock
P016,PUN001,217,74,47,371,103006,A07,277.644204851752,0,0,Radiator Rd-250,Cooling,Loader,Jcb,Jcb 3Dx,7800,10200,30.8,18,18.0,90X40X20,Copper,12,20,10,60,16,Medium,Medium,piece,7600,2023-09-28,90,40,20,2400,1836.0,12036.0,72000,0.1666666666666666,0,Pune Distribution,Pune,Maharashtra,West,Regional,38750,1,6114,74,4389120,2654000,8,113.2676129032258,0.6046770195392243,Overstock
P016,CHN001,180,71,45,309,112003,C19,362.4692556634304,0,0,Radiator Rd-250,Cooling,Loader,Jcb,Jcb 3Dx,7800,10200,30.8,18,18.0,90X40X20,Copper,12,20,10,60,16,Medium,Medium,piece,7600,2023-09-28,90,40,20,2400,1836.0,12036.0,72000,0.1666666666666666,0,Chennai South Hub,Chennai,Tamil Nadu,South,Regional,41890,1,7922,81,4567780,2739000,8,109.04225352112675,0.5996348335515284,Overstock
P016,HYD001,103,35,24,177,106040,A01,599.0960451977401,0,0,Radiator Rd-250,Cooling,Loader,Jcb,Jcb 3Dx,7800,10200,30.8,18,18.0,90X40X20,Copper,12,20,10,60,16,Medium,Medium,piece,7600,2023-09-28,90,40,20,2400,1836.0,12036.0,72000,0.1666666666666666,0,Hyderabad Logistics,Hyderabad,Telangana,South,Branch,36210,0,4390,57,3102455,1887000,7,85.67950842308754,0.6082280000838046,Overstock
P016,KOL001,148,49,32,277,97829,D04,353.173285198556,0,0,Radiator Rd-250,Cooling,Loader,Jcb,Jcb 3Dx,7800,10200,30.8,18,18.0,90X40X20,Copper,12,20,10,60,16,Medium,Medium,piece,7600,2023-09-28,90,40,20,2400,1836.0,12036.0,72000,0.1666666666666666,0,Kolkata East Depot,Kolkata,West Bengal,East,Branch,29880,0,5981,49,2894770,1743000,6,96.87985274431058,0.60212037571206,Overstock
P016,AHM001,95,33,25,164,110893,D04,676.1768292682926,0,0,Radiator Rd-250,Cooling,Loader,Jcb,Jcb 3Dx,7800,10200,30.8,18,18.0,90X40X20,Copper,12,20,10,60,16,Medium,Medium,piece,7600,2023-09-28,90,40,20,2400,1836.0,12036.0,72000,0.1666666666666666,0,Ahmedabad West Hub,Ahmedabad,Gujarat,West,Service Hub,34120,1,4772,63,3245890,2018000,7,95.13159437280189,0.6217093000687023,Overstock
P017,DEL001,243,93,72,479,112971,B15,235.8475991649269,0,0,Fan Belt Fb-30,Belts,Excavator,Tata Hitachi,Tata Hitachi Ex 110,320,520,62.5,18,0.25,80X3X3,Rubber,6,50,25,150,5,Medium,High,piece,310,2023-12-11,80,3,3,200,93.6,613.6,720,0.1666666666666666,0,Delhi Central,Delhi,Delhi,North,Central,45230,1,9593,92,5234890,3189000,9,115.73933230156976,0.6091818548240746,Overstock
P017,PUN001,206,63,56,331,104847,F06,316.7583081570997,0,0,Fan Belt Fb-30,Belts,Excavator,Tata Hitachi,Tata Hitachi Ex 110,320,520,62.5,18,0.25,80X3X3,Rubber,6,50,25,150,5,Medium,High,piece,310,2023-12-11,80,3,3,200,93.6,613.6,720,0.1666666666666666,0,Pune Distribution,Pune,Maharashtra,West,Regional,38750,1,6114,74,4389120,2654000,8,113.2676129032258,0.6046770195392243,Overstock
P017,CHN001,178,59,45,300,106266,C15,354.22,0,0,Fan Belt Fb-30,Belts,Excavator,Tata Hitachi,Tata Hitachi Ex 110,320,520,62.5,18,0.25,80X3X3,Rubber,6,50,25,150,5,Medium,High,piece,310,2023-12-11,80,3,3,200,93.6,613.6,720,0.1666666666666666,0,Chennai South Hub,Chennai,Tamil Nadu,South,Regional,41890,1,7922,81,4567780,2739000,8,109.04225352112675,0.5996348335515284,Overstock
P017,HYD001,88,26,23,172,117058,F05,680.5697674418604,0,0,Fan Belt Fb-30,Belts,Excavator,Tata Hitachi,Tata Hitachi Ex 110,320,520,62.5,18,0.25,80X3X3,Rubber,6,50,25,150,5,Medium,High,piece,310,2023-12-11,80,3,3,200,93.6,613.6,720,0.1666666666666666,0,Hyderabad Logistics,Hyderabad,Telangana,South,Branch,36210,0,4390,57,3102455,1887000,7,85.67950842308754,0.6082280000838046,Overstock
P017,KOL001,208,72,56,344,108003,B06,313.9622093023256,0,0,Fan Belt Fb-30,Belts,Excavator,Tata Hitachi,Tata Hitachi Ex 110,320,520,62.5,18,0.25,80X3X3,Rubber,6,50,25,150,5,Medium,High,piece,310,2023-12-11,80,3,3,200,93.6,613.6,720,0.1666666666666666,0,Kolkata East Depot,Kolkata,West Bengal,East,Branch,29880,0,5981,49,2894770,1743000,6,96.87985274431058,0.60212037571206,Overstock
P017,AHM001,276,99,82,542,109921,E01,202.80627306273064,0,0,Fan Belt Fb-30,Belts,Excavator,Tata Hitachi,Tata Hitachi Ex 110,320,520,62.5,18,0.25,80X3X3,Rubber,6,50,25,150,5,Medium,High,piece,310,2023-12-11,80,3,3,200,93.6,613.6,720,0.1666666666666666,0,Ahmedabad West Hub,Ahmedabad,Gujarat,West,Service Hub,34120,1,4772,63,3245890,2018000,7,95.13159437280189,0.6217093000687023,Overstock
P018,DEL001,282,106,74,508,114627,D12,225.6437007874016,0,0,Wheel Rim Wr-24,Undercarriage,Bulldozer,Cat,Cat D6R,8200,11300,37.8,28,24.0,70X25X25,Steel,12,12,6,30,20,High,Medium,piece,8000,2024-02-20,70,25,25,3100,3164.0000000000005,14464.0,43750,0.2,1,Delhi Central,Delhi,Delhi,North,Central,45230,1,9593,92,5234890,3189000,9,115.73933230156976,0.6091818548240746,Overstock
P018,PUN001,155,55,41,293,111530,A10,380.64846416382255,0,0,Wheel Rim Wr-24,Undercarriage,Bulldozer,Cat,Cat D6R,8200,11300,37.8,28,24.0,70X25X25,Steel,12,12,6,30,20,High,Medium,piece,8000,2024-02-20,70,25,25,3100,3164.0000000000005,14464.0,43750,0.2,1,Pune Distribution,Pune,Maharashtra,West,Regional,38750,1,6114,74,4389120,2654000,8,113.2676129032258,0.6046770195392243,Overstock
P018,CHN001,283,98,74,564,113318,A15,200.9184397163121,0,0,Wheel Rim Wr-24,Undercarriage,Bulldozer,Cat,Cat D6R,8200,11300,37.8,28,24.0,70X25X25,Steel,12,12,6,30,20,High,Medium,piece,8000,2024-02-20,70,25,25,3100,3164.0000000000005,14464.0,43750,0.2,1,Chennai South Hub,Chennai,Tamil Nadu,South,Regional,41890,1,7922,81,4567780,2739000,8,109.04225352112675,0.5996348335515284,Overstock
P018,HYD001,210,78,58,322,112953,E13,350.7857142857143,0,0,Wheel Rim Wr-24,Undercarriage,Bulldozer,Cat,Cat D6R,8200,11300,37.8,28,24.0,70X25X25,Steel,12,12,6,30,20,High,Medium,piece,8000,2024-02-20,70,25,25,3100,3164.0000000000005,14464.0,43750,0.2,1,Hyderabad Logistics,Hyderabad,Telangana,South,Branch,36210,0,4390,57,3102455,1887000,7,85.67950842308754,0.6082280000838046,Overstock
P018,KOL001,161,59,42,284,96607,B03,340.1654929577465,0,0,Wheel Rim Wr-24,Undercarriage,Bulldozer,Cat,Cat D6R,8200,11300,37.8,28,24.0,70X25X25,Steel,12,12,6,30,20,High,Medium,piece,8000,2024-02-20,70,25,25,3100,3164.0000000000005,14464.0,43750,0.2,1,Kolkata East Depot,Kolkata,West Bengal,East,Branch,29880,0,5981,49,2894770,1743000,6,96.87985274431058,0.60212037571206,Overstock
P018,AHM001,262,89,64,438,101420,F08,231.55251141552512,0,0,Wheel Rim Wr-24,Undercarriage,Bulldozer,Cat,Cat D6R,8200,11300,37.8,28,24.0,70X25X25,Steel,12,12,6,30,20,High,Medium,piece,8000,2024-02-20,70,25,25,3100,3164.0000000000005,14464.0,43750,0.2,1,Ahmedabad West Hub,Ahmedabad,Gujarat,West,Service Hub,34120,1,4772,63,3245890,2018000,7,95.13159437280189,0.6217093000687023,Overstock
P019,DEL001,125,37,27,208,118200,D07,568.2692307692307,0,0,Swing Motor Swm-350,Hydraulic,Excavator,Volvo,Volvo Ec210,31200,39800,27.6,28,36.0,55X25X25,Steel,12,6,3,15,24,High,Medium,piece,30500,2024-05-03,55,25,25,8600,11144.000000000002,50944.0,34375,0.2,1,Delhi Central,Delhi,Delhi,North,Central,45230,1,9593,92,5234890,3189000,9,115.73933230156976,0.6091818548240746,Overstock
P019,PUN001,116,36,27,207,109388,C04,528.4444444444445,0,0,Swing Motor Swm-350,Hydraulic,Excavator,Volvo,Volvo Ec210,31200,39800,27.6,28,36.0,55X25X25,Steel,12,6,3,15,24,High,Medium,piece,30500,2024-05-03,55,25,25,8600,11144.000000000002,50944.0,34375,0.2,1,Pune Distribution,Pune,Maharashtra,West,Regional,38750,1,6114,74,4389120,2654000,8,113.2676129032258,0.6046770195392243,Overstock
P019,CHN001,287,86,66,566,100413,D20,177.40812720848058,0,0,Swing Motor Swm-350,Hydraulic,Excavator,Volvo,Volvo Ec210,31200,39800,27.6,28,36.0,55X25X25,Steel,12,6,3,15,24,High,Medium,piece,30500,2024-05-03,55,25,25,8600,11144.000000000002,50944.0,34375,0.2,1,Chennai South Hub,Chennai,Tamil Nadu,South,Regional,41890,1,7922,81,4567780,2739000,8,109.04225352112675,0.5996348335515284,Overstock
P019,HYD001,209,81,49,350,100008,D17,285.7371428571429,0,0,Swing Motor Swm-350,Hydraulic,Excavator,Volvo,Volvo Ec210,31200,39800,27.6,28,36.0,55X25X25,Steel,12,6,3,15,24,High,Medium,piece,30500,2024-05-03,55,25,25,8600,11144.000000000002,50944.0,34375,0.2,1,Hyderabad Logistics,Hyderabad,Telangana,South,Branch,36210,0,4390,57,3102455,1887000,7,85.67950842308754,0.6082280000838046,Overstock
P019,KOL001,92,30,22,141,88853,E11,630.1631205673759,0,0,Swing Motor Swm-350,Hydraulic,Excavator,Volvo,Volvo Ec210,31200,39800,27.6,28,36.0,55X25X25,Steel,12,6,3,15,24,High,Medium,piece,30500,2024-05-03,55,25,25,8600,11144.000000000002,50944.0,34375,0.2,1,Kolkata East Depot,Kolkata,West Bengal,East,Branch,29880,0,5981,49,2894770,1743000,6,96.87985274431058,0.60212037571206,Overstock
P019,AHM001,217,85,46,378,105387,A03,278.8015873015873,0,0,Swing Motor Swm-350,Hydraulic,Excavator,Volvo,Volvo Ec210,31200,39800,27.6,28,36.0,55X25X25,Steel,12,6,3,15,24,High,Medium,piece,30500,2024-05-03,55,25,25,8600,11144.000000000002,50944.0,34375,0.2,1,Ahmedabad West Hub,Ahmedabad,Gujarat,West,Service Hub,34120,1,4772,63,3245890,2018000,7,95.13159437280189,0.6217093000687023,Overstock
P020,DEL001,91,31,24,140,104360,A07,745.4285714285714,0,0,Pivot Pin Pp-12,Pins & Bushes,Excavator,Jcb,Jcb 3Dx,750,1150,53.3,18,0.9,18X6X6,Steel,6,90,45,250,8,Medium,High,piece,720,2024-07-19,18,6,6,400,207.0,1357.0,648,0.18,0,Delhi Central,Delhi,Delhi,North,Central,45230,1,9593,92,5234890,3189000,9,115.73933230156976,0.6091818548240746,Overstock
P020,PUN001,80,24,16,140,102734,E12,733.8142857142857,0,0,Pivot Pin Pp-12,Pins & Bushes,Excavator,Jcb,Jcb 3Dx,750,1150,53.3,18,0.9,18X6X6,Steel,6,90,45,250,8,Medium,High,piece,720,2024-07-19,18,6,6,400,207.0,1357.0,648,0.18,0,Pune Distribution,Pune,Maharashtra,West,Regional,38750,1,6114,74,4389120,2654000,8,113.2676129032258,0.6046770195392243,Overstock
P020,CHN001,300,105,84,454,113260,F01,249.4713656387665,0,0,Pivot Pin Pp-12,Pins & Bushes,Excavator,Jcb,Jcb 3Dx,750,1150,53.3,18,0.9,18X6X6,Steel,6,90,45,250,8,Medium,High,piece,720,2024-07-19,18,6,6,400,207.0,1357.0,648,0.18,0,Chennai South Hub,Chennai,Tamil Nadu,South,Regional,41890,1,7922,81,4567780,2739000,8,109.04225352112675,0.5996348335515284,Overstock
P020,HYD001,161,64,46,273,102636,A15,375.956043956044,0,0,Pivot Pin Pp-12,Pins & Bushes,Excavator,Jcb,Jcb 3Dx,750,1150,53.3,18,0.9,18X6X6,Steel,6,90,45,250,8,Medium,High,piece,720,2024-07-19,18,6,6,400,207.0,1357.0,648,0.18,0,Hyderabad Logistics,Hyderabad,Telangana,South,Branch,36210,0,4390,57,3102455,1887000,7,85.67950842308754,0.6082280000838046,Overstock
P020,KOL001,182,61,53,355,99570,D07,280.4788732394366,0,0,Pivot Pin Pp-12,Pins & Bushes,Excavator,Jcb,Jcb 3Dx,750,1150,53.3,18,0.9,18X6X6,Steel,6,90,45,250,8,Medium,High,piece,720,2024-07-19,18,6,6,400,207.0,1357.0,648,0.18,0,Kolkata East Depot,Kolkata,West Bengal,East,Branch,29880,0,5981,49,2894770,1743000,6,96.87985274431058,0.60212037571206,Overstock
P020,AHM001,142,54,28,270,102706,F16,380.3925925925926,0,0,Pivot Pin Pp-12,Pins & Bushes,Excavator,Jcb,Jcb 3Dx,750,1150,53.3,18,0.9,18X6X6,Steel,6,90,45,250,8,Medium,High,piece,720,2024-07-19,18,6,6,400,207.0,1357.0,648,0.18,0,Ahmedabad West Hub,Ahmedabad,Gujarat,West,Service Hub,34120,1,4772,63,3245890,2018000,7,95.13159437280189,0.6217093000687023,Overstock
P021,DEL001,152,59,40,257,115902,F08,450.9805447470817,0,0,Boom Cylinder Bc-400,Hydraulic,Excavator,Komatsu,Komatsu Pc210,35600,46200,29.8,28,48.0,130X18X18,Steel,12,5,3,20,26,High,Medium,piece,35000,2024-09-30,130,18,18,10600,12936.000000000002,59136.0,42120,0.15,1,Delhi Central,Delhi,Delhi,North,Central,45230,1,9593,92,5234890,3189000,9,115.73933230156976,0.6091818548240746,Overstock
P021,PUN001,159,59,32,287,105385,C11,367.1951219512195,0,0,Boom Cylinder Bc-400,Hydraulic,Excavator,Komatsu,Komatsu Pc210,35600,46200,29.8,28,48.0,130X18X18,Steel,12,5,3,20,26,High,Medium,piece,35000,2024-09-30,130,18,18,10600,12936.000000000002,59136.0,42120,0.15,1,Pune Distribution,Pune,Maharashtra,West,Regional,38750,1,6114,74,4389120,2654000,8,113.2676129032258,0.6046770195392243,Overstock
P021,CHN001,189,71,40,319,100867,C11,316.19749216300943,0,0,Boom Cylinder Bc-400,Hydraulic,Excavator,Komatsu,Komatsu Pc210,35600,46200,29.8,28,48.0,130X18X18,Steel,12,5,3,20,26,High,Medium,piece,35000,2024-09-30,130,18,18,10600,12936.000000000002,59136.0,42120,0.15,1,Chennai South Hub,Chennai,Tamil Nadu,South,Regional,41890,1,7922,81,4567780,2739000,8,109.04225352112675,0.5996348335515284,Overstock
P021,HYD001,153,56,36,263,99466,F08,378.1977186311787,0,0,Boom Cylinder Bc-400,Hydraulic,Excavator,Komatsu,Komatsu Pc210,35600,46200,29.8,28,48.0,130X18X18,Steel,12,5,3,20,26,High,Medium,piece,35000,2024-09-30,130,18,18,10600,12936.000000000002,59136.0,42120,0.15,1,Hyderabad Logistics,Hyderabad,Telangana,South,Branch,36210,0,4390,57,3102455,1887000,7,85.67950842308754,0.6082280000838046,Overstock
P021,KOL001,280,102,69,485,100829,C14,207.89484536082475,0,0,Boom Cylinder Bc-400,Hydraulic,Excavator,Komatsu,Komatsu Pc210,35600,46200,29.8,28,48.0,130X18X18,Steel,12,5,3,20,26,High,Medium,piece,35000,2024-09-30,130,18,18,10600,12936.000000000002,59136.0,42120,0.15,1,Kolkata East Depot,Kolkata,West Bengal,East,Branch,29880,0,5981,49,2894770,1743000,6,96.87985274431058,0.60212037571206,Overstock
P021,AHM001,293,110,60,554,108168,E10,195.24909747292412,0,0,Boom Cylinder Bc-400,Hydraulic,Excavator,Komatsu,Komatsu Pc210,35600,46200,29.8,28,48.0,130X18X18,Steel,12,5,3,20,26,High,Medium,piece,35000,2024-09-30,130,18,18,10600,12936.000000000002,59136.0,42120,0.15,1,Ahmedabad West Hub,Ahmedabad,Gujarat,West,Service Hub,34120,1,4772,63,3245890,2018000,7,95.13159437280189,0.6217093000687023,Overstock
P022,DEL001,187,68,41,315,110752,E20,351.5936507936508,0,0,Control Valve Cv-75,Hydraulic,Excavator,Cat,Cat 320D,12800,16900,32.0,28,7.8,35X25X20,Steel,12,10,5,30,18,High,Medium,piece,12500,2024-11-22,35,25,20,4100,4732.0,21632.0,17500,0.1666666666666666,1,Delhi Central,Delhi,Delhi,North,Central,45230,1,9593,92,5234890,3189000,9,115.73933230156976,0.6091818548240746,Overstock
P022,PUN001,299,119,60,487,111353,B16,228.65092402464063,0,0,Control Valve Cv-75,Hydraulic,Excavator,Cat,Cat 320D,12800,16900,32.0,28,7.8,35X25X20,Steel,12,10,5,30,18,High,Medium,piece,12500,2024-11-22,35,25,20,4100,4732.0,21632.0,17500,0.1666666666666666,1,Pune Distribution,Pune,Maharashtra,West,Regional,38750,1,6114,74,4389120,2654000,8,113.2676129032258,0.6046770195392243,Overstock
P022,CHN001,138,44,31,227,109061,A02,480.4449339207048,0,0,Control Valve Cv-75,Hydraulic,Excavator,Cat,Cat 320D,12800,16900,32.0,28,7.8,35X25X20,Steel,12,10,5,30,18,High,Medium,piece,12500,2024-11-22,35,25,20,4100,4732.0,21632.0,17500,0.1666666666666666,1,Chennai South Hub,Chennai,Tamil Nadu,South,Regional,41890,1,7922,81,4567780,2739000,8,109.04225352112675,0.5996348335515284,Overstock
P022,HYD001,140,46,33,226,112997,F19,499.9867256637168,0,0,Control Valve Cv-75,Hydraulic,Excavator,Cat,Cat 320D,12800,16900,32.0,28,7.8,35X25X20,Steel,12,10,5,30,18,High,Medium,piece,12500,2024-11-22,35,25,20,4100,4732.0,21632.0,17500,0.1666666666666666,1,Hyderabad Logistics,Hyderabad,Telangana,South,Branch,36210,0,4390,57,3102455,1887000,7,85.67950842308754,0.6082280000838046,Overstock
P022,KOL001,265,105,65,513,99690,A01,194.32748538011697,0,0,Control Valve Cv-75,Hydraulic,Excavator,Cat,Cat 320D,12800,16900,32.0,28,7.8,35X25X20,Steel,12,10,5,30,18,High,Medium,piece,12500,2024-11-22,35,25,20,4100,4732.0,21632.0,17500,0.1666666666666666,1,Kolkata East Depot,Kolkata,West Bengal,East,Branch,29880,0,5981,49,2894770,1743000,6,96.87985274431058,0.60212037571206,Overstock
P022,AHM001,156,54,37,254,103495,E03,407.4606299212599,0,0,Control Valve Cv-75,Hydraulic,Excavator,Cat,Cat 320D,12800,16900,32.0,28,7.8,35X25X20,Steel,12,10,5,30,18,High,Medium,piece,12500,2024-11-22,35,25,20,4100,4732.0,21632.0,17500,0.1666666666666666,1,Ahmedabad West Hub,Ahmedabad,Gujarat,West,Service Hub,34120,1,4772,63,3245890,2018000,7,95.13159437280189,0.6217093000687023,Overstock
P023,DEL001,186,73,49,313,113718,B18,363.31629392971246,0,0,Idler Wheel Iw-55,Undercarriage,Bulldozer,Volvo,Volvo D6,9200,12950,40.8,28,21.0,60X25X25,Steel,12,6,3,18,20,High,Medium,piece,9000,2025-01-15,60,25,25,3750,3626.000000000001,16576.0,37500,0.1666666666666666,1,Delhi Central,Delhi,Delhi,North,Central,45230,1,9593,92,5234890,3189000,9,115.73933230156976,0.6091818548240746,Overstock
P023,PUN001,115,40,26,198,108328,A10,547.1111111111111,0,0,Idler Wheel Iw-55,Undercarriage,Bulldozer,Volvo,Volvo D6,9200,12950,40.8,28,21.0,60X25X25,Steel,12,6,3,18,20,High,Medium,piece,9000,2025-01-15,60,25,25,3750,3626.000000000001,16576.0,37500,0.1666666666666666,1,Pune Distribution,Pune,Maharashtra,West,Regional,38750,1,6114,74,4389120,2654000,8,113.2676129032258,0.6046770195392243,Overstock
P023,CHN001,149,53,40,231,107267,B12,464.35930735930737,0,0,Idler Wheel Iw-55,Undercarriage,Bulldozer,Volvo,Volvo D6,9200,12950,40.8,28,21.0,60X25X25,Steel,12,6,3,18,20,High,Medium,piece,9000,2025-01-15,60,25,25,3750,3626.000000000001,16576.0,37500,0.1666666666666666,1,Chennai South Hub,Chennai,Tamil Nadu,South,Regional,41890,1,7922,81,4567780,2739000,8,109.04225352112675,0.5996348335515284,Overstock
P023,HYD001,82,31,16,134,105798,C14,789.5373134328358,0,0,Idler Wheel Iw-55,Undercarriage,Bulldozer,Volvo,Volvo D6,9200,12950,40.8,28,21.0,60X25X25,Steel,12,6,3,18,20,High,Medium,piece,9000,2025-01-15,60,25,25,3750,3626.000000000001,16576.0,37500,0.1666666666666666,1,Hyderabad Logistics,Hyderabad,Telangana,South,Branch,36210,0,4390,57,3102455,1887000,7,85.67950842308754,0.6082280000838046,Overstock
P023,KOL001,141,49,30,273,111851,D12,409.7106227106227,0,0,Idler Wheel Iw-55,Undercarriage,Bulldozer,Volvo,Volvo D6,9200,12950,40.8,28,21.0,60X25X25,Steel,12,6,3,18,20,High,Medium,piece,9000,2025-01-15,60,25,25,3750,3626.000000000001,16576.0,37500,0.1666666666666666,1,Kolkata East Depot,Kolkata,West Bengal,East,Branch,29880,0,5981,49,2894770,1743000,6,96.87985274431058,0.60212037571206,Overstock
P023,AHM001,238,90,50,434,114558,B10,263.9585253456221,0,0,Idler Wheel Iw-55,Undercarriage,Bulldozer,Volvo,Volvo D6,9200,12950,40.8,28,21.0,60X25X25,Steel,12,6,3,18,20,High,Medium,piece,9000,2025-01-15,60,25,25,3750,3626.000000000001,16576.0,37500,0.1666666666666666,1,Ahmedabad West Hub,Ahmedabad,Gujarat,West,Service Hub,34120,1,4772,63,3245890,2018000,7,95.13159437280189,0.6217093000687023,Overstock
P024,DEL001,280,99,56,469,116412,A17,248.2132196162047,0,0,Track Roller Tr-60,Undercarriage,Bulldozer,Tata Hitachi,Tata Hitachi Ex 200,7400,10300,39.2,28,19.5,55X22X22,Steel,12,8,4,22,22,High,Medium,piece,7200,2025-03-08,55,22,22,2900,2884.0000000000005,13184.0,26620,0.1818181818181818,1,Delhi Central,Delhi,Delhi,North,Central,45230,1,9593,92,5234890,3189000,9,115.73933230156976,0.6091818548240746,Overstock
P024,PUN001,128,41,31,232,110555,C02,476.5301724137931,0,0,Track Roller Tr-60,Undercarriage,Bulldozer,Tata Hitachi,Tata Hitachi Ex 200,7400,10300,39.2,28,19.5,55X22X22,Steel,12,8,4,22,22,High,Medium,piece,7200,2025-03-08,55,22,22,2900,2884.0000000000005,13184.0,26620,0.1818181818181818,1,Pune Distribution,Pune,Maharashtra,West,Regional,38750,1,6114,74,4389120,2654000,8,113.2676129032258,0.6046770195392243,Overstock
P024,CHN001,119,44,27,204,107215,D14,525.5637254901961,0,0,Track Roller Tr-60,Undercarriage,Bulldozer,Tata Hitachi,Tata Hitachi Ex 200,7400,10300,39.2,28,19.5,55X22X22,Steel,12,8,4,22,22,High,Medium,piece,7200,2025-03-08,55,22,22,2900,2884.0000000000005,13184.0,26620,0.1818181818181818,1,Chennai South Hub,Chennai,Tamil Nadu,South,Regional,41890,1,7922,81,4567780,2739000,8,109.04225352112675,0.5996348335515284,Overstock
P024,HYD001,273,86,66,415,101998,A14,245.77831325301204,0,0,Track Roller Tr-60,Undercarriage,Bulldozer,Tata Hitachi,Tata Hitachi Ex 200,7400,10300,39.2,28,19.5,55X22X22,Steel,12,8,4,22,22,High,Medium,piece,7200,2025-03-08,55,22,22,2900,2884.0000000000005,13184.0,26620,0.1818181818181818,1,Hyderabad Logistics,Hyderabad,Telangana,South,Branch,36210,0,4390,57,3102455,1887000,7,85.67950842308754,0.6082280000838046,Overstock
P024,KOL001,155,58,38,242,112198,B18,463.6280991735537,0,0,Track Roller Tr-60,Undercarriage,Bulldozer,Tata Hitachi,Tata Hitachi Ex 200,7400,10300,39.2,28,19.5,55X22X22,Steel,12,8,4,22,22,High,Medium,piece,7200,2025-03-08,55,22,22,2900,2884.0000000000005,13184.0,26620,0.1818181818181818,1,Kolkata East Depot,Kolkata,West Bengal,East,Branch,29880,0,5981,49,2894770,1743000,6,96.87985274431058,0.60212037571206,Overstock
P024,AHM001,268,104,58,425,107810,C07,253.6705882352941,0,0,Track Roller Tr-60,Undercarriage,Bulldozer,Tata Hitachi,Tata Hitachi Ex 200,7400,10300,39.2,28,19.5,55X22X22,Steel,12,8,4,22,22,High,Medium,piece,7200,2025-03-08,55,22,22,2900,2884.0000000000005,13184.0,26620,0.1818181818181818,1,Ahmedabad West Hub,Ahmedabad,Gujarat,West,Service Hub,34120,1,4772,63,3245890,2018000,7,95.13159437280189,0.6217093000687023,Overstock
P025,DEL001,180,54,49,310,109936,F11,354.6322580645161,0,0,Cabin Glass Cg-20,Cabin,Excavator,Jcb,Jcb 3Dx,5600,7850,40.2,18,8.0,120X5X2,Glass,6,12,6,40,14,Medium,Low,piece,5400,2025-04-27,120,5,2,2250,1413.0,9263.0,1200,0.15,1,Delhi Central,Delhi,Delhi,North,Central,45230,1,9593,92,5234890,3189000,9,115.73933230156976,0.6091818548240746,Overstock
P025,PUN001,191,68,45,300,110083,A15,366.9433333333333,0,0,Cabin Glass Cg-20,Cabin,Excavator,Jcb,Jcb 3Dx,5600,7850,40.2,18,8.0,120X5X2,Glass,6,12,6,40,14,Medium,Low,piece,5400,2025-04-27,120,5,2,2250,1413.0,9263.0,1200,0.15,1,Pune Distribution,Pune,Maharashtra,West,Regional,38750,1,6114,74,4389120,2654000,8,113.2676129032258,0.6046770195392243,Overstock
P025,CHN001,300,112,85,564,110058,B12,195.1382978723404,0,0,Cabin Glass Cg-20,Cabin,Excavator,Jcb,Jcb 3Dx,5600,7850,40.2,18,8.0,120X5X2,Glass,6,12,6,40,14,Medium,Low,piece,5400,2025-04-27,120,5,2,2250,1413.0,9263.0,1200,0.15,1,Chennai South Hub,Chennai,Tamil Nadu,South,Regional,41890,1,7922,81,4567780,2739000,8,109.04225352112675,0.5996348335515284,Overstock
P025,HYD001,83,26,21,133,113613,B16,854.2330827067669,0,0,Cabin Glass Cg-20,Cabin,Excavator,Jcb,Jcb 3Dx,5600,7850,40.2,18,8.0,120X5X2,Glass,6,12,6,40,14,Medium,Low,piece,5400,2025-04-27,120,5,2,2250,1413.0,9263.0,1200,0.15,1,Hyderabad Logistics,Hyderabad,Telangana,South,Branch,36210,0,4390,57,3102455,1887000,7,85.67950842308754,0.6082280000838046,Overstock
P025,KOL001,290,113,84,499,110579,C08,221.6012024048096,0,0,Cabin Glass Cg-20,Cabin,Excavator,Jcb,Jcb 3Dx,5600,7850,40.2,18,8.0,120X5X2,Glass,6,12,6,40,14,Medium,Low,piece,5400,2025-04-27,120,5,2,2250,1413.0,9263.0,1200,0.15,1,Kolkata East Depot,Kolkata,West Bengal,East,Branch,29880,0,5981,49,2894770,1743000,6,96.87985274431058,0.60212037571206,Overstock
P025,AHM001,165,64,44,328,97512,F08,297.2926829268293,0,0,Cabin Glass Cg-20,Cabin,Excavator,Jcb,Jcb 3Dx,5600,7850,40.2,18,8.0,120X5X2,Glass,6,12,6,40,14,Medium,Low,piece,5400,2025-04-27,120,5,2,2250,1413.0,9263.0,1200,0.15,1,Ahmedabad West Hub,Ahmedabad,Gujarat,West,Service Hub,34120,1,4772,63,3245890,2018000,7,95.13159437280189,0.6217093000687023,Overstock
P026,DEL001,96,28,22,186,103678,C13,557.4086021505376,0,0,Grease Cartridge Gc-5,Lubricants,All,Generic,All Models,180,310,72.2,18,0.45,25X6X6,Synthetic,3,200,100,500,4,Low,High,cartridge,170,2020-04-02,25,6,6,130,55.8,365.8,900,0.2,0,Delhi Central,Delhi,Delhi,North,Central,45230,1,9593,92,5234890,3189000,9,115.73933230156976,0.6091818548240746,Overstock
P026,PUN001,112,36,33,189,105190,B09,556.5608465608466,0,0,Grease Cartridge Gc-5,Lubricants,All,Generic,All Models,180,310,72.2,18,0.45,25X6X6,Synthetic,3,200,100,500,4,Low,High,cartridge,170,2020-04-02,25,6,6,130,55.8,365.8,900,0.2,0,Pune Distribution,Pune,Maharashtra,West,Regional,38750,1,6114,74,4389120,2654000,8,113.2676129032258,0.6046770195392243,Overstock
P026,CHN001,113,36,33,181,108895,A03,601.6298342541437,0,0,Grease Cartridge Gc-5,Lubricants,All,Generic,All Models,180,310,72.2,18,0.45,25X6X6,Synthetic,3,200,100,500,4,Low,High,cartridge,170,2020-04-02,25,6,6,130,55.8,365.8,900,0.2,0,Chennai South Hub,Chennai,Tamil Nadu,South,Regional,41890,1,7922,81,4567780,2739000,8,109.04225352112675,0.5996348335515284,Overstock
P026,HYD001,203,75,54,314,108348,E17,345.05732484076435,0,0,Grease Cartridge Gc-5,Lubricants,All,Generic,All Models,180,310,72.2,18,0.45,25X6X6,Synthetic,3,200,100,500,4,Low,High,cartridge,170,2020-04-02,25,6,6,130,55.8,365.8,900,0.2,0,Hyderabad Logistics,Hyderabad,Telangana,South,Branch,36210,0,4390,57,3102455,1887000,7,85.67950842308754,0.6082280000838046,Overstock
P026,KOL001,240,74,59,445,101412,A06,227.89213483146068,0,0,Grease Cartridge Gc-5,Lubricants,All,Generic,All Models,180,310,72.2,18,0.45,25X6X6,Synthetic,3,200,100,500,4,Low,High,cartridge,170,2020-04-02,25,6,6,130,55.8,365.8,900,0.2,0,Kolkata East Depot,Kolkata,West Bengal,East,Branch,29880,0,5981,49,2894770,1743000,6,96.87985274431058,0.60212037571206,Overstock
P026,AHM001,263,89,65,445,103793,E03,233.24269662921347,0,0,Grease Cartridge Gc-5,Lubricants,All,Generic,All Models,180,310,72.2,18,0.45,25X6X6,Synthetic,3,200,100,500,4,Low,High,cartridge,170,2020-04-02,25,6,6,130,55.8,365.8,900,0.2,0,Ahmedabad West Hub,Ahmedabad,Gujarat,West,Service Hub,34120,1,4772,63,3245890,2018000,7,95.13159437280189,0.6217093000687023,Overstock
P027,DEL001,98,31,26,193,106775,C04,553.2383419689119,0,0,O-Ring Set Or-50,Seals,All,Generic,All Models,260,480,84.6,18,0.2,8X8X4,Rubber,3,150,80,400,5,Low,High,set,250,2021-09-14,8,8,4,220,86.39999999999999,566.4,256,0.2,0,Delhi Central,Delhi,Delhi,North,Central,45230,1,9593,92,5234890,3189000,9,115.73933230156976,0.6091818548240746,Overstock
P027,PUN001,214,70,58,376,112683,C02,299.68882978723406,0,0,O-Ring Set Or-50,Seals,All,Generic,All Models,260,480,84.6,18,0.2,8X8X4,Rubber,3,150,80,400,5,Low,High,set,250,2021-09-14,8,8,4,220,86.39999999999999,566.4,256,0.2,0,Pune Distribution,Pune,Maharashtra,West,Regional,38750,1,6114,74,4389120,2654000,8,113.2676129032258,0.6046770195392243,Overstock
P027,CHN001,84,33,19,133,97973,F12,736.6390977443609,0,0,O-Ring Set Or-50,Seals,All,Generic,All Models,260,480,84.6,18,0.2,8X8X4,Rubber,3,150,80,400,5,Low,High,set,250,2021-09-14,8,8,4,220,86.39999999999999,566.4,256,0.2,0,Chennai South Hub,Chennai,Tamil Nadu,South,Regional,41890,1,7922,81,4567780,2739000,8,109.04225352112675,0.5996348335515284,Overstock
P027,HYD001,123,46,29,211,104746,B02,496.4265402843602,0,0,O-Ring Set Or-50,Seals,All,Generic,All Models,260,480,84.6,18,0.2,8X8X4,Rubber,3,150,80,400,5,Low,High,set,250,2021-09-14,8,8,4,220,86.39999999999999,566.4,256,0.2,0,Hyderabad Logistics,Hyderabad,Telangana,South,Branch,36210,0,4390,57,3102455,1887000,7,85.67950842308754,0.6082280000838046,Overstock
P027,KOL001,210,79,54,385,100477,F20,260.9792207792208,0,0,O-Ring Set Or-50,Seals,All,Generic,All Models,260,480,84.6,18,0.2,8X8X4,Rubber,3,150,80,400,5,Low,High,set,250,2021-09-14,8,8,4,220,86.39999999999999,566.4,256,0.2,0,Kolkata East Depot,Kolkata,West Bengal,East,Branch,29880,0,5981,49,2894770,1743000,6,96.87985274431058,0.60212037571206,Overstock
P027,AHM001,151,51,33,294,108337,F10,368.4931972789116,0,0,O-Ring Set Or-50,Seals,All,Generic,All Models,260,480,84.6,18,0.2,8X8X4,Rubber,3,150,80,400,5,Low,High,set,250,2021-09-14,8,8,4,220,86.39999999999999,566.4,256,0.2,0,Ahmedabad West Hub,Ahmedabad,Gujarat,West,Service Hub,34120,1,4772,63,3245890,2018000,7,95.13159437280189,0.6217093000687023,Overstock
P028,DEL001,207,81,58,353,106744,C01,302.39093484419266,0,0,Light Assembly La-18,Electrical,Loader,Generic,Jcb 3Dx,1450,2250,55.2,18,1.4,22X16X14,Plastic,6,40,20,100,9,Medium,Medium,piece,1380,2022-02-18,22,16,14,800,405.0,2655.0,4928,0.2,0,Delhi Central,Delhi,Delhi,North,Central,45230,1,9593,92,5234890,3189000,9,115.73933230156976,0.6091818548240746,Overstock
P028,PUN001,279,100,56,522,105401,B17,201.9176245210728,0,0,Light Assembly La-18,Electrical,Loader,Generic,Jcb 3Dx,1450,2250,55.2,18,1.4,22X16X14,Plastic,6,40,20,100,9,Medium,Medium,piece,1380,2022-02-18,22,16,14,800,405.0,2655.0,4928,0.2,0,Pune Distribution,Pune,Maharashtra,West,Regional,38750,1,6114,74,4389120,2654000,8,113.2676129032258,0.6046770195392243,Overstock
P028,CHN001,120,43,29,198,103464,E04,522.5454545454545,0,0,Light Assembly La-18,Electrical,Loader,Generic,Jcb 3Dx,1450,2250,55.2,18,1.4,22X16X14,Plastic,6,40,20,100,9,Medium,Medium,piece,1380,2022-02-18,22,16,14,800,405.0,2655.0,4928,0.2,0,Chennai South Hub,Chennai,Tamil Nadu,South,Regional,41890,1,7922,81,4567780,2739000,8,109.04225352112675,0.5996348335515284,Overstock
P028,HYD001,129,47,37,199,102248,E08,513.8090452261307,0,0,Light Assembly La-18,Electrical,Loader,Generic,Jcb 3Dx,1450,2250,55.2,18,1.4,22X16X14,Plastic,6,40,20,100,9,Medium,Medium,piece,1380,2022-02-18,22,16,14,800,405.0,2655.0,4928,0.2,0,Hyderabad Logistics,Hyderabad,Telangana,South,Branch,36210,0,4390,57,3102455,1887000,7,85.67950842308754,0.6082280000838046,Overstock
P028,KOL001,254,76,75,437,104851,B09,239.933638443936,0,0,Light Assembly La-18,Electrical,Loader,Generic,Jcb 3Dx,1450,2250,55.2,18,1.4,22X16X14,Plastic,6,40,20,100,9,Medium,Medium,piece,1380,2022-02-18,22,16,14,800,405.0,2655.0,4928,0.2,0,Kolkata East Depot,Kolkata,West Bengal,East,Branch,29880,0,5981,49,2894770,1743000,6,96.87985274431058,0.60212037571206,Overstock
P028,AHM001,212,78,57,368,101538,F04,275.9184782608696,0,0,Light Assembly La-18,Electrical,Loader,Generic,Jcb 3Dx,1450,2250,55.2,18,1.4,22X16X14,Plastic,6,40,20,100,9,Medium,Medium,piece,1380,2022-02-18,22,16,14,800,405.0,2655.0,4928,0.2,0,Ahmedabad West Hub,Ahmedabad,Gujarat,West,Service Hub,34120,1,4772,63,3245890,2018000,7,95.13159437280189,0.6217093000687023,Overstock
P029,DEL001,98,33,27,174,108622,E17,624.264367816092,0,0,Pressure Sensor Ps-90,Sensors,Excavator,Cat,Cat 320D,2750,3950,43.6,18,0.6,10X8X6,Steel,6,25,12,60,8,Medium,Medium,piece,2650,2023-01-09,10,8,6,1200,711.0,4661.0,480,0.2,0,Delhi Central,Delhi,Delhi,North,Central,45230,1,9593,92,5234890,3189000,9,115.73933230156976,0.6091818548240746,Overstock
P029,PUN001,115,40,28,225,109429,C10,486.3511111111111,0,0,Pressure Sensor Ps-90,Sensors,Excavator,Cat,Cat 320D,2750,3950,43.6,18,0.6,10X8X6,Steel,6,25,12,60,8,Medium,Medium,piece,2650,2023-01-09,10,8,6,1200,711.0,4661.0,480,0.2,0,Pune Distribution,Pune,Maharashtra,West,Regional,38750,1,6114,74,4389120,2654000,8,113.2676129032258,0.6046770195392243,Overstock
P029,CHN001,97,33,27,173,101572,F11,587.121387283237,0,0,Pressure Sensor Ps-90,Sensors,Excavator,Cat,Cat 320D,2750,3950,43.6,18,0.6,10X8X6,Steel,6,25,12,60,8,Medium,Medium,piece,2650,2023-01-09,10,8,6,1200,711.0,4661.0,480,0.2,0,Chennai South Hub,Chennai,Tamil Nadu,South,Regional,41890,1,7922,81,4567780,2739000,8,109.04225352112675,0.5996348335515284,Overstock
P029,HYD001,192,76,55,324,112739,F08,347.9598765432099,0,0,Pressure Sensor Ps-90,Sensors,Excavator,Cat,Cat 320D,2750,3950,43.6,18,0.6,10X8X6,Steel,6,25,12,60,8,Medium,Medium,piece,2650,2023-01-09,10,8,6,1200,711.0,4661.0,480,0.2,0,Hyderabad Logistics,Hyderabad,Telangana,South,Branch,36210,0,4390,57,3102455,1887000,7,85.67950842308754,0.6082280000838046,Overstock
P029,KOL001,150,57,40,299,105010,F06,351.2040133779264,0,0,Pressure Sensor Ps-90,Sensors,Excavator,Cat,Cat 320D,2750,3950,43.6,18,0.6,10X8X6,Steel,6,25,12,60,8,Medium,Medium,piece,2650,2023-01-09,10,8,6,1200,711.0,4661.0,480,0.2,0,Kolkata East Depot,Kolkata,West Bengal,East,Branch,29880,0,5981,49,2894770,1743000,6,96.87985274431058,0.60212037571206,Overstock
P029,AHM001,140,49,40,267,97606,D10,365.5655430711611,0,0,Pressure Sensor Ps-90,Sensors,Excavator,Cat,Cat 320D,2750,3950,43.6,18,0.6,10X8X6,Steel,6,25,12,60,8,Medium,Medium,piece,2650,2023-01-09,10,8,6,1200,711.0,4661.0,480,0.2,0,Ahmedabad West Hub,Ahmedabad,Gujarat,West,Service Hub,34120,1,4772,63,3245890,2018000,7,95.13159437280189,0.6217093000687023,Overstock
P030,DEL001,184,64,53,336,103131,E17,306.9375,0,0,Fuel Pump Fp-350,Engine,Excavator,Volvo,Volvo Ec210,16400,21900,33.5,28,6.8,30X18X18,Alloy,12,10,5,25,18,High,Medium,piece,16000,2024-08-21,30,18,18,5500,6132.000000000001,28032.0,9720,0.2,1,Delhi Central,Delhi,Delhi,North,Central,45230,1,9593,92,5234890,3189000,9,115.73933230156976,0.6091818548240746,Overstock
P030,PUN001,147,52,35,283,112388,A05,397.13074204947,0,0,Fuel Pump Fp-350,Engine,Excavator,Volvo,Volvo Ec210,16400,21900,33.5,28,6.8,30X18X18,Alloy,12,10,5,25,18,High,Medium,piece,16000,2024-08-21,30,18,18,5500,6132.000000000001,28032.0,9720,0.2,1,Pune Distribution,Pune,Maharashtra,West,Regional,38750,1,6114,74,4389120,2654000,8,113.2676129032258,0.6046770195392243,Overstock
P030,CHN001,125,46,28,246,105447,F19,428.6463414634146,0,0,Fuel Pump Fp-350,Engine,Excavator,Volvo,Volvo Ec210,16400,21900,33.5,28,6.8,30X18X18,Alloy,12,10,5,25,18,High,Medium,piece,16000,2024-08-21,30,18,18,5500,6132.000000000001,28032.0,9720,0.2,1,Chennai South Hub,Chennai,Tamil Nadu,South,Regional,41890,1,7922,81,4567780,2739000,8,109.04225352112675,0.5996348335515284,Overstock
P030,HYD001,162,53,40,268,104611,D14,390.339552238806,0,0,Fuel Pump Fp-350,Engine,Excavator,Volvo,Volvo Ec210,16400,21900,33.5,28,6.8,30X18X18,Alloy,12,10,5,25,18,High,Medium,piece,16000,2024-08-21,30,18,18,5500,6132.000000000001,28032.0,9720,0.2,1,Hyderabad Logistics,Hyderabad,Telangana,South,Branch,36210,0,4390,57,3102455,1887000,7,85.67950842308754,0.6082280000838046,Overstock
P030,KOL001,199,73,43,365,103465,C10,283.4657534246575,0,0,Fuel Pump Fp-350,Engine,Excavator,Volvo,Volvo Ec210,16400,21900,33.5,28,6.8,30X18X18,Alloy,12,10,5,25,18,High,Medium,piece,16000,2024-08-21,30,18,18,5500,6132.000000000001,28032.0,9720,0.2,1,Kolkata East Depot,Kolkata,West Bengal,East,Branch,29880,0,5981,49,2894770,1743000,6,96.87985274431058,0.60212037571206,Overstock
P030,AHM001,134,46,40,231,103248,D06,446.961038961039,0,0,Fuel Pump Fp-350,Engine,Excavator,Volvo,Volvo Ec210,16400,21900,33.5,28,6.8,30X18X18,Alloy,12,10,5,25,18,High,Medium,piece,16000,2024-08-21,30,18,18,5500,6132.000000000001,28032.0,9720,0.2,1,Ahmedabad West Hub,Ahmedabad,Gujarat,West,Service Hub,34120,1,4772,63,3245890,2018000,7,95.13159437280189,0.6217093000687023,Overstock
